3.427453935495027859e-01,-2.429153891015616296e-01,-1.658646518733781772e+00,8.877772772449364913e-01,-3.705516199548397616e-01,-5.797775623009693291e-01,3.750345958671403856e+00
5.065737846569837721e-01,-4.977072367241366369e-01,-2.943560895577430059e-01,1.674097588281005522e-01,1.044975445055962737e+00,1.466188344126243825e-01,3.643867420568100979e-01
-4.667432035354392994e-01,-1.439785610046333098e+00,-8.147730914455212359e-01,1.383194721164614061e+00,1.589555482690164778e+00,-1.656451860940710841e+00,-1.746840972021851623e+00
3.052246100383240179e-01,3.987782809953774876e-01,7.639130492889656399e-01,3.394875829799079980e-01,1.318519618742442168e+00,3.538461757217289394e-01,1.010133785702849618e+00
3.903936230110304217e-01,7.091844281573759234e-01,6.971396397920854859e-01,4.205028063884205802e-01,1.365020928698874592e-01,9.688501027873232252e-02,1.124905299926434399e+00
2.937541219381382684e-01,-5.705808110602709204e-01,-7.313268327235501465e-01,-3.453751361928444119e+00,8.744424873402031340e-01,5.391431103856092477e-04,-4.567650928711852742e+00
1.253015458737110954e+00,-4.531366717578400038e-01,7.651615982401108740e-01,-4.001368343862492516e-01,-2.205292499986037380e-01,1.573379666751922201e+00,3.232536621830266910e+00
-2.066535651703532706e-02,-7.753961563884189667e-01,9.696637456092999097e-01,-2.024325573585637472e-01,1.180314945314323127e+00,1.301941017796669486e+00,-6.961902581726331363e-01
4.923996006441334616e-01,1.079430097653654164e+00,4.691978102000695094e-01,4.482838980301618315e-01,5.353580602245671116e-01,9.359990697725094622e-01,8.186860023909456885e-01
8.668438807980179961e-01,4.313028495511315175e-01,1.421406071084508671e+00,-4.609364669362090439e-01,1.178552965588154644e-01,-2.235902361218300438e-01,-2.624727352417268733e-01
5.852625257046673024e-01,-1.861800655689729855e-01,1.432270841411050322e+00,-1.366340477223765726e+00,-1.413765691929299129e+00,4.305237777353057571e-01,1.227493740708342829e+00
-1.186608990733835634e-01,-1.341413099674280351e+00,8.785276165687733174e-01,-4.556583243035577935e-01,5.745495798676278909e-01,-1.365081858019292049e+00,-3.031333561160550971e+00
8.024587782955685533e-01,-9.632542554004769331e-02,5.580409433859735424e-01,4.591737101653808883e-01,-1.590501186926983834e+00,8.038717274929620960e-01,6.363368173280208318e+00
-1.759085845072411391e+00,-9.522451392141606519e-02,2.201241332028932796e+00,1.368178132231350874e+00,6.114643197795093243e-01,1.105685751683045392e+00,2.841664609622315041e+00
-1.049606672037794342e+00,-7.090288022954075453e-01,-9.352245711810702744e-01,1.461763256558251678e+00,8.898599120691624842e-01,-2.010936365089571076e+00,-4.408881683993508549e-01
8.043865611746875421e-01,6.814915295136796392e-01,2.093558151263182232e+00,-7.886805048220990599e-01,1.161411890863668361e-01,-5.010277630350197242e-01,-9.499669909591166306e-01
-1.198277842872945698e+00,6.211657518081485918e-01,-2.261012367251878707e+00,-1.826460718595987798e+00,1.329430070861517266e-01,-1.821564371239683400e-01,-2.349898487397648505e+00
9.910314270245748069e-01,1.818184638576477163e-01,1.134115563256268416e-01,5.926613947869960874e-01,2.023375891699703111e+00,-1.780640613387300952e-01,-2.312729286970170328e+00
2.075883864768409914e+00,-5.663316099266142434e-01,1.221244311918646908e+00,1.251024049331157795e-01,6.051319884867047971e-01,-8.000164074385279767e-02,3.889139012978413135e-01
-1.321598394054924297e+00,1.387581612326369340e+00,-1.753856781759634553e-01,3.866477179086122984e-01,-5.323690860621922427e-01,1.136769463905480615e+00,4.158340528908277989e+00
-9.568214461877388999e-02,1.503594893636771568e+00,1.436468735667037588e+00,-1.878937759952244435e-01,1.081619675129516178e+00,1.313033446163335949e+00,6.461051058318203477e-01
-2.528886516270777429e-01,-6.101305129924098347e-01,2.356838602546536876e+00,7.807621523626609994e-01,2.483082462813133162e-01,1.017915133803701799e+00,4.232119274042190682e+00
7.672057928241021729e-01,1.354936580060900342e+00,2.185073344354409031e-01,4.223876613290100668e-02,-5.962625713093744340e-01,-7.830344536673408129e-01,3.435379271814289037e+00
1.591433569389219205e+00,3.426627115182362404e-01,3.212332725558138535e-01,-7.638506484627571869e-01,1.670782842446162597e+00,5.251779625810641949e-01,-1.769836050534094873e+00
7.841598011942352286e-02,1.465913147810368744e-01,6.305632631833493207e-01,6.333366233152124547e-01,4.933104690465813791e-01,2.444225245390843071e+00,1.906820496187549674e+00
5.736502765766333667e-01,9.594617378073000413e-01,2.789809396520714913e-02,-2.522805531731362461e-01,-2.011198895852571944e+00,1.453073652396579929e+00,6.642242744261713128e+00
2.482093764489578192e+00,3.889733701985395031e-01,-8.631233791221371021e-01,2.573021864812891080e-01,-3.744903358785326430e-01,3.128803002366630781e-01,2.750614096557629118e+00
1.350485961702189708e-01,-1.053830074761761049e+00,1.260268870934309504e+00,5.652179861925770155e-01,-9.891590497681818084e-03,1.326577568266233076e+00,3.037353869339912915e+00
-1.812553768355867456e+00,7.926689373495441338e-01,-1.760786996791862569e+00,-1.219984272864008235e+00,5.422225595977644419e-01,1.459495050491875334e+00,-9.279445020595131766e-01
8.927942120511329627e-01,-1.721194330043343546e-01,-1.569521864051057758e-01,-1.216234574968357407e+00,2.488224016989796006e+00,-5.235835144544516151e-01,-7.533902466366839690e+00
-1.249082080103354198e+00,-8.655131694758650962e-01,5.686640601785156734e-01,6.709813938793423027e-01,1.982237953231204441e+00,3.498759035038003229e-01,-4.132285942477455620e+00
-1.840818188221796659e+00,3.952554422405293866e-01,-7.645431652483903884e-01,-7.180316705682499023e-01,3.921709397274011910e-02,-1.137629262019077547e+00,-1.973610427922550592e+00
1.560119329880934602e+00,3.830256177744143509e-01,4.577536910632087896e-01,-2.175488444733857385e+00,-4.884884990438359553e-01,2.493561565967654658e+00,1.188674914331689259e+00
-1.428941350047584713e+00,-1.443152466688549240e-01,-2.510155383562522324e-01,7.237200282328355438e-01,4.027464550443393132e-01,1.156237556188742577e+00,1.976572933941752375e+00
9.704752040381687817e-01,8.588582350885043404e-01,5.853649239470234966e-02,-1.470712464249336771e+00,7.115761623952314707e-01,1.094030273889128102e+00,-2.426244023749922096e+00
-1.703548754107384600e+00,2.649352843426073800e-01,5.329561830791955390e-02,-7.339138138892451479e-01,4.311619294428858384e-01,-5.848938977179156673e-01,-1.984474435639308698e+00
1.033164518153228739e+00,-1.466115121770937835e+00,-2.848019267472607918e-01,-3.212849332157730609e-01,-1.269679250528141345e+00,7.817928590556310064e-01,3.331962851839195494e+00
-6.154271804937664347e-01,2.500647499168012766e-01,-2.334639809357849649e-02,7.297407452258514171e-03,4.634521053485463615e-01,-2.558492073615512008e-02,8.490057440093912167e-02
-1.433733725951285454e+00,-1.253522752576446520e+00,2.033565007799343349e-01,-1.485876740968631537e+00,8.201873525564721268e-01,3.351234485631419124e-01,-3.781251073221321590e+00
3.715983431847491025e-01,1.331558857269976359e+00,-5.955099791334695913e-01,1.216547357819999009e+00,1.257244304958327064e+00,1.584572050863277903e+00,2.237465525497179364e+00
-1.142126398072752069e+00,5.308260535629879540e-01,7.153472062668524423e-01,1.127899520338896538e-01,-8.053660287022507136e-02,8.580742253235836836e-01,2.502212713295955293e+00
-4.019314933283091307e-01,-8.520730272784273751e-01,7.226747955702531589e-01,8.271612553977024662e-01,-1.283942815920873892e+00,1.681548007125911015e+00,6.375276802330052561e+00
1.997115788651128432e-01,-9.644790611493642141e-02,-2.446797151164346040e-01,8.509248964239145563e-01,-2.816986832145693675e-01,-5.356654282827983948e-01,1.426099292748848946e+00
9.527903453187487326e-01,1.560481828824163142e-01,1.984704257291599327e-01,-1.137638542281229626e+00,-1.367658032432742310e+00,1.725875403397035268e-01,2.648475195608204658e+00
-6.960720855127895401e-01,-1.059950013797404500e+00,-2.374121811098017787e-02,-9.714565491824109777e-01,-1.070635384597690809e+00,2.566792895267989927e+00,4.600732429936512879e+00
5.803048176780628564e-01,1.340102349722722019e+00,7.002140161723193756e-01,1.389447689168803013e+00,2.449541873490518995e+00,-3.523897970867276852e-01,-2.367309530556875430e+00
1.007221724748164737e+00,2.010785753398958597e+00,2.234958302460621660e+00,6.781283508901891910e-01,2.061187535067881882e+00,6.427563649665076762e-01,-5.221658428164641652e-01
-2.599422576845108468e-01,-6.657519269045402144e-01,4.566179331166136945e-01,-6.039533279662246956e-01,-9.594868689916264959e-01,-7.018293062529948889e-01,2.309765265649891042e+00
9.999363526519604584e-01,9.907933727461863960e-01,-6.436710659373733323e-01,-7.063740471293291634e-01,-5.070921594912685126e-01,2.493980912732233213e-01,6.493445569311908638e-01
-1.123761362288393295e+00,6.762214678793142530e-01,2.101022120240663982e-01,-5.117298740988693861e-01,-7.336179638346554954e-01,2.532559933276994357e+00,4.271121757358860904e+00
6.759153702107708606e-01,9.590576040525532198e-02,2.174732559590421666e+00,7.537496917216129910e-01,6.186259789018195843e-01,-5.780014202138079593e-01,1.597950532627580467e+00
-1.000874321608429707e+00,2.133604242165712817e-01,-7.943805164102043515e-01,1.005272713252265859e+00,5.536142901217249168e-01,3.005989182128079307e-01,2.253686435453976511e+00
2.210334686388898406e-02,7.084791790509846476e-02,-1.940133420711236623e+00,-1.433240420380662572e-01,5.556605248102653993e-01,1.653940056639676470e+00,1.277245765166276747e+00
-5.281534609279550097e-01,1.882147467321676260e+00,1.204336032463666717e+00,-1.652559676918804454e-01,-8.733297718916073205e-01,2.719273757328978469e+00,6.112497598773121155e+00
-1.144197011997007074e+00,8.529532817827226721e-01,9.091894125806083693e-01,2.606652646591795630e+00,-6.301588002936286959e-03,-3.210332696550132203e-01,4.193232221068894816e+00
7.120040580942431363e-02,1.254334401274411759e-01,6.596334681663540422e-03,-6.767963274434992682e-01,5.918953652931678855e-01,2.306526318597568181e-02,-1.781602363720928395e+00
1.203942558026657395e+00,-9.920968927322793007e-01,1.718087117116865681e+00,-1.719476015309232997e+00,6.878558273811125057e-01,-5.581422049207745983e-02,-2.910912078036477002e+00
3.956576059720703364e-01,2.477997716220579960e+00,9.684975868229737106e-01,1.982895030856114960e-01,-1.394834118437505266e+00,8.201352923100753423e-02,5.709532217535528531e+00
-5.637158145099696593e-01,8.489558596243329536e-01,-8.415317407048790166e-01,1.658553847882371923e-01,1.465011337618896459e+00,-6.021536582111988167e-01,-2.968734176043332340e+00
-1.537094961230859091e+00,-1.450833394471122140e-01,-1.607854656269378735e+00,-1.153215848732619175e+00,-7.205729603180065501e-01,7.820240144280765637e-01,2.085257424931658221e+00
1.288061456189422693e-01,-8.769393683735928757e-01,1.400381985817583441e+00,6.050142459283909258e-01,9.876174088345165414e-01,-1.036668693881923398e+00,-4.067629166097108673e-01
-6.488737398534147327e-02,-4.769402813002120434e-01,-1.218935886005678149e-01,-9.107450323085346522e-01,-5.812809958849562975e-01,1.537123405005859755e+00,1.736652964720092118e+00
-1.787840553687030654e-01,4.424163166337196085e-01,-9.215095616475055262e-02,-1.001417915169747097e+00,9.726907759184164615e-01,-1.321213164823924258e+00,-3.291315859485792750e+00
-4.463594365629113270e-01,1.631991373525747413e+00,1.113975024982875706e+00,5.276482931668480258e-01,1.486472387985072752e+00,4.600719389710015150e-01,-1.834925317887641238e-01
-8.941438150843911137e-02,3.875491811995633307e-01,-1.002495707022729832e+00,-2.293226222540990733e+00,6.284966894514709690e-01,-2.021133203960382652e+00,-5.508083218463184494e+00
-9.522749710912619125e-01,-7.182766563949317673e-01,-1.652153982398468779e+00,-6.151438824688482132e-01,-6.367425331722472714e-01,-1.219001056593903565e-01,1.991553736566576527e+00
9.344593634346469724e-01,9.341044246831153863e-01,1.574551231577898669e-01,3.009132380929601114e-01,-9.626856266217043157e-01,-1.983422210607693192e-01,2.785050505297881784e+00
5.239940849143038815e-01,-6.141049016150440520e-01,7.588652260561836727e-01,-8.010577053799435854e-01,-1.151931251783208543e+00,-5.096261232504394334e-01,2.795669809034889930e+00
-1.427721535489553828e+00,7.300487731589211382e-01,-5.736745288220612693e-01,-8.114716234135765927e-02,6.334843305068248442e-01,5.942652102988494889e-01,1.909928214821638992e-01
-4.765265015564996709e-01,-9.207942663295238805e-01,1.158014349322223024e+00,2.803357135062462646e+00,6.866555828332585043e-02,1.070913756514344062e+00,6.703751755089166764e+00
3.259968818203089480e-01,2.882332137473463396e-01,-1.389736350500230255e-01,-1.265994713198408173e+00,-4.102831782550723227e-01,-1.405100761693955924e-02,3.887026746119519593e-01
1.951094908109346937e+00,-9.595683150514233706e-02,-8.311902994552751167e-01,-7.912597471561522156e-01,-9.402223638999407385e-01,7.408928942115656779e-01,2.707623112004656107e+00
-1.045766394901874730e+00,6.809228963220425035e-01,4.000987978052256144e-01,1.163469517927411268e+00,-1.000691890030884101e+00,1.208140450067643368e+00,6.162505114178157939e+00
1.326411903742911846e+00,-6.402141713004060319e-01,-9.131112209892267018e-01,-6.333949118347739216e-01,4.496459214867021270e-01,-4.756715574637552235e-01,-1.325766089951850635e+00
-1.273541992664867228e+00,5.707799254726781957e-01,1.529654972366585541e+00,-3.914815987999215041e-01,-8.423210352579630911e-01,-6.599514207018009060e-01,1.086376600562479533e+00
1.503163031044124853e+00,1.606653141844032628e+00,3.333076465539789313e-01,4.963441129506633853e-01,3.222133617070732647e-01,1.241037115275756886e+00,2.245260129594472076e+00
-1.609704347694166926e-01,-7.673159102202230519e-01,-4.770759284726072691e-01,-6.327945136094637046e-01,3.787894802630864532e-02,-3.588064499047175504e-01,2.706726959551492007e-01
-1.193827543813862357e-01,1.039751451952853234e+00,-1.141540604290097294e+00,1.460986112004936943e-01,1.275605916826837660e+00,1.521851423358876687e+00,-7.878660475405832031e-01
3.967174832745065105e-01,-1.283711977445039509e-01,-4.009217734851380222e-01,-1.264144349007972901e-01,-6.028146771628742351e-02,-8.482140046015802515e-01,3.527082371530199101e-01
3.594137031316877451e-01,1.065849946785610625e+00,-4.718776805760479531e-01,-1.503756484531886928e+00,-8.168352854260665374e-01,-6.837034308894575085e-01,2.087638574526337054e-01
1.241854285906827782e+00,-1.661155876049354441e-01,7.912687398913550441e-01,2.484217804600757917e-03,1.808469791102351287e+00,-2.797923366724556771e-01,-3.639658233102062823e+00
-6.735186810460809248e-01,1.271041361717718809e-01,6.644424851702669388e-01,2.621615817984479513e-01,8.400833165397403324e-01,-4.727783675795163010e-01,-8.632922394439979108e-01
-5.247601258388541190e-01,1.144851114562638189e-01,1.286416168714650698e+00,1.753228979032695589e+00,-7.654908618501720108e-01,1.080458597453919367e+00,7.299789658843776508e+00
1.427036332501609994e-01,2.274196821509152144e+00,1.618079180406283291e-01,1.486507822612322505e+00,7.837783895802995504e-01,-1.137295026435098944e+00,1.698477521445315830e+00
1.637479043591142824e+00,-5.003698524063704411e-01,-1.154718820325080442e+00,-1.028423628444817273e-01,1.505820671336968397e+00,-1.458834156029968354e-01,-2.054962354893350884e+00
-4.710219908412184298e-01,1.117687144671100530e+00,4.976764690147353343e-01,7.576417288652717019e-01,1.301674663739286197e+00,1.012852886997891166e-01,4.648399630478896594e-01
3.775920254919633567e-01,-1.010897750514972993e+00,1.661297926653948487e+00,9.338431919865672892e-01,-2.598255872761499052e-01,1.034912161709295120e+00,4.113798777007007246e+00
8.315693342250248810e-01,6.884851887377931856e-01,1.245818922232079018e+00,-1.012688302050630540e+00,1.322190008517962534e+00,-7.402373253866346703e-01,-3.868467728265086336e+00
2.960495060751355267e-01,2.140470921189208120e-01,-1.579213573672550108e+00,-1.084535614782804025e+00,8.404015934628857876e-01,1.431442397695650848e-02,-1.837835152695461272e+00
-1.917039248089888792e+00,5.594864866399272829e-01,-1.777390049305590747e+00,-8.714938349922787264e-01,1.624110889453683981e+00,-1.920355741148455531e+00,-5.464169902468861473e+00
2.107974587574893144e-01,-3.079065429175973923e-01,8.398620240581123886e-01,-8.819171337773969999e-01,-1.213763586555116625e-02,-6.961214497491058362e-01,-4.827359719729822363e-01
1.663724165156347912e+00,-9.883789569909793293e-01,7.570915890328703268e-01,4.643758774529979649e-02,1.011931536742291526e-02,-5.688853854446996872e-01,-3.248503673383178469e-01
-4.371016105937052254e-01,2.521045733339521422e-01,3.865432235217550194e-02,-4.816153616406996241e-01,-1.019495918163106252e+00,-3.255183016782863814e-01,2.450901481801716741e+00
-5.822670039611679837e-02,1.305872925878617807e-02,7.971753570702925229e-01,7.316084825109904211e-01,1.691728150082981053e+00,1.078311493969132950e+00,7.676784949179860096e-02
-2.713132160476762755e-01,-8.059196841659468369e-01,2.617789761327967923e+00,-3.070686706471300598e-01,-8.626748408277089553e-01,-9.353029304725188897e-01,1.603836190619550628e+00
1.532718715576181889e+00,4.500343740415763127e-01,7.737488215078815179e-02,-8.228849991375193351e-01,-1.172425660228692545e-01,3.092130198765142834e-01,5.586782872464348682e-01
-2.555324083207860530e-02,4.824678372289230577e-01,-1.953385607441590066e-01,-7.399580218122385755e-01,-3.152562444774194006e-01,6.465520600172023347e-01,6.686562404097085022e-01
3.291070712642754637e-02,9.563294690490969918e-02,-5.762892754088008163e-01,5.379514202319817251e-01,-1.385586290284354538e+00,-1.022731954219447070e+00,3.227868462278444373e+00
-9.407329274345179737e-01,7.064386385762195797e-01,-7.276452040968764967e-01,1.663139598995560853e+00,8.843033100628046039e-01,-3.486242778553020338e-01,9.481784550610288242e-01
4.072345939618918775e-01,-1.181491693281049304e+00,6.318690215513882436e-01,-5.275107898123760908e-01,3.084983585026433994e-01,-9.819509573527920310e-01,-9.948407680486044402e-01
1.913028850760502553e-01,1.455208354486357547e-01,-8.333018823318860679e-01,8.103393818062398779e-01,3.845543035104751484e-01,-1.311325181148811136e+00,-7.471667898208018688e-01
5.049993040795082155e-01,1.237317409694633330e+00,1.073516745732422617e+00,-1.083279128295455140e-01,4.464808931832575101e-01,5.526092054562032896e-01,-3.697488225019300856e-01
-7.899242296260233775e-01,5.380729034725483251e-01,-2.001397920217954152e+00,2.178100069981934617e+00,1.813817076372768455e-01,-4.675576798415229662e-01,3.827702787163307363e+00
2.745764413192683384e-02,1.103617202906842509e+00,-8.236345056433781453e-01,-6.637995912966956347e-01,3.528849585209372641e-01,-5.668843382709431999e-02,-4.620533240254871554e-01
1.290403134811184627e+00,8.096852896099259178e-01,5.005618166551319970e-01,4.982977295793178385e-01,4.665476400584367411e-01,8.415039094815345289e-01,1.484708627915501733e+00
-1.420234577258049358e-01,6.563831119260715719e-01,-2.854624743383163965e-01,-1.220139852641228151e+00,-1.372386393154229056e-01,1.052584088003111873e+00,5.219873776558749956e-01
1.580077045912044342e+00,4.853295773849095052e-01,3.304286008096859462e-01,3.518602471461144132e-01,7.210530471884416537e-01,1.589249357172781485e+00,1.041343320338012690e+00
8.444272718471457218e-01,1.162638292008883051e-01,4.157170937667289956e-01,1.363367596037650786e+00,1.722923271890745900e+00,9.624115395295870234e-01,1.035462852091313390e+00
-1.039720616783462726e+00,-1.452922524204018906e-01,3.764072323803210884e-02,-3.363614188346178979e-01,1.470320369181828735e+00,-6.916578751792501478e-02,-3.598274307120252757e+00
8.857334866850983257e-01,-1.074819447279599549e+00,8.465242117588659410e-01,1.995658583736607872e+00,2.995052482795689253e-01,2.748721924170435260e-01,3.404814129590368665e+00
7.062298189030753459e-01,-6.444327391355361145e-01,2.996583508537697949e-01,2.592578243555538897e-01,-7.643046046455523879e-01,-4.405734035118572534e-01,2.615301009754347650e+00
-2.540126717114025712e-01,1.512588408600433532e+00,-1.179280802418366969e+00,-1.487794410624299513e+00,9.951338105683885660e-01,-7.062747428434772434e-01,-4.041362859912299932e+00
8.223485212266381517e-01,4.648114951000190120e-01,1.052105530776465819e-01,-1.826115393715256330e+00,1.541019070215818854e+00,-5.722629811610141504e-01,-5.481914619996947735e+00
2.742574667504100283e+00,-7.477521432223495079e-01,1.239285220674708921e+00,-8.564384140130631984e-02,-7.083907116786949398e-01,6.228197924422118614e-01,3.103080195123613994e+00
-1.152882342493363188e-01,-1.235045213468155545e+00,1.241179412458631282e+00,5.885906539155887351e-01,-1.305491844936979451e+00,-3.680347990456400709e-01,3.971076397309744266e+00
3.128585790682120171e-01,1.160212102142681168e-01,-3.897811007249378790e-01,-9.244621562708899010e-01,-3.189219735281776380e-01,1.280858537428957611e+00,2.728046813397179804e+00
-8.023866332208451357e-01,6.846934030007162386e-02,-2.461103580784551048e-01,-1.228200386840015423e-01,6.071092396126999136e-01,-2.416174786779106576e+00,-2.052361810833100986e+00
1.452889647756614888e+00,-6.150349883048873423e-01,3.234046250216000562e-01,1.686796316068128077e+00,1.620864921311738482e-01,4.559508846273427896e-01,2.544739526832517917e+00
5.768832136701190771e-01,1.829726370076344200e+00,1.439150641342177073e+00,-4.292118451635810183e-01,-4.151124893092824619e-01,5.456926214967722233e-02,2.098580531089744294e+00
1.378194906366907446e+00,1.511731630008764371e-01,1.629470347246469997e-02,5.069842026473083685e-01,1.820382216124239783e+00,-1.186410630728917948e+00,-3.053498229487039417e+00
-1.665194902930100751e+00,-4.625763377063371040e-01,-2.000628939243142668e+00,-4.832456548521238959e-01,-1.260569256218230239e+00,7.524007407048941554e-01,3.388342905145424133e+00
3.407233862626679599e-01,4.242435816598309484e-01,2.092933254068291005e-01,-1.418782892891384817e-01,1.284150572577602789e+00,-1.536486245527875383e+00,-8.740639596299102365e-01
6.703593533490205258e-01,-1.376764510974763267e+00,-1.768570518858670004e+00,9.460153172527205889e-01,1.950419217769575164e+00,2.354074940021918527e-01,-2.810829285606775141e-01
-7.886170066071432894e-01,6.596192394711983820e-01,5.218322503433286963e-02,-6.523317542172649697e-01,-1.213548561384531821e+00,1.469260474626798429e-01,2.692270211028810589e+00
-3.598283224776249734e-01,1.305392132385102988e+00,6.907977817254437047e-01,-2.676257713554550111e-01,-1.077381927978934839e-01,7.187582963287548754e-01,1.073234268134528158e+00
-6.009316631707760648e-01,1.149282861951242962e-01,1.041759376233169831e+00,-1.859416652980540485e+00,1.306838128781705244e+00,1.409573918993564545e+00,-2.569377230901813025e+00
9.592569204199882238e-01,1.304076479144227196e+00,5.477765726915888589e-01,9.070197121245943128e-02,1.257710742479663413e+00,1.049272747951951690e+00,-2.925435761204042695e-01
1.678276007034474437e+00,-6.935178515629587537e-01,-9.196398721190122139e-01,1.583653894881854374e+00,2.139023111837017599e-01,-7.881365168581341285e-01,2.175005430198880596e+00
-1.737896564451734571e+00,-7.960238049734756904e-01,4.340799745657659137e-01,-1.245201801960845955e+00,-1.488619907526497865e+00,2.463271299205876730e+00,5.418822920988706215e+00
3.388759157985143378e-01,4.557369769281373051e-01,1.625957872628983836e+00,5.140562292705908032e-01,-6.937207403345247991e-01,2.695638030328200152e+00,4.745907296663242292e+00
6.696419135311757476e-01,3.309930132890682719e-01,-4.025684673854585949e-01,7.501764433912901930e-01,7.905922920066694726e-01,-1.133597799045352073e+00,-1.114033826865039600e-01
1.450118912429728679e-01,7.740303519875955107e-01,7.897934069001615320e-01,-6.221985192095222938e-01,7.125602079793985633e-01,3.162752870926789917e-01,-1.797391395463876052e+00
9.478746187732525197e-01,-2.102995623769646771e-01,-1.918379528028646197e+00,3.593839167745198626e-01,-6.428057746210936729e-01,-1.227959545579663247e+00,1.623830289246015912e+00
-3.683839930833724408e-01,4.787692681200741429e-01,1.064146841990853964e+00,2.392084960526363879e-02,1.492604948379034235e+00,5.350240604589974192e-01,-4.927229074203394177e-01
1.684156739202319120e+00,7.350932780915391263e-01,-3.011642995400142242e-01,1.084401904571148378e+00,-1.355659610634711187e+00,-2.815565871912360518e-01,3.904377304988563502e+00
-2.688805403417792728e-01,1.122825685592121925e+00,-7.075694850573982508e-01,3.161181332889639872e-02,-3.746484794973076182e-01,-1.902960657582468129e-01,7.946076156559224168e-01
2.243062822573185233e-01,1.291481422940206958e+00,-1.718544736764469061e-01,-3.796754828944017834e-01,-9.348008702830910011e-01,8.324907900484603829e-01,3.917397557211980796e+00
-2.780533601174746572e+00,1.142885397781144285e-01,1.239643239266730035e+00,-6.894311432913349247e-01,2.448311279048186684e+00,9.809723776762089287e-01,-4.157353870020545905e+00
-4.491613560154830154e-01,-1.770282275765936997e-01,-1.069558230214214145e+00,7.750495730637629865e-01,9.397061086313586165e-01,-9.896747387547482067e-01,-1.731893636755137411e+00
2.132006655427511055e-01,7.044462895728906826e-01,-1.681148682776809622e-01,-2.895220730696923539e-01,3.211271520743929075e-01,-8.377417587920044095e-03,-5.814055085823222058e-03
-3.102516497924928673e-01,3.728060374331638727e-01,-1.668943162272771730e+00,-7.015575995035578938e-01,2.191959701441358099e+00,1.662604032347253291e+00,-3.568813418429082063e+00
4.414191144028131730e-01,1.143042995102816484e+00,2.618868410422695026e-02,2.271897570749530360e+00,-8.004882258829474351e-01,-5.560777523542337342e-01,5.930828790555175978e+00
1.275077628043695510e+00,-7.920091983886108356e-01,1.660052735440746163e+00,2.941632311393049815e-01,-4.231136579402997033e-02,2.570766959277347441e-01,8.760120467439205250e-01
9.667718913142204773e-01,5.249743627650005351e-01,-1.481604994506338091e+00,7.438577503388524859e-01,1.162977083385118848e-01,7.483377419584574808e-01,1.489000221024611825e+00
-1.440329245508843226e+00,-2.610214299090716783e-01,-1.290928925753612511e+00,-5.891705665681936654e-01,-1.556061781989506176e-01,2.769952557532396886e-01,7.579090032251016851e-01
2.813887923051274775e-01,-1.914861711609001649e-01,3.129969264951535379e+00,1.905497617898920470e+00,8.569573939939614804e-02,1.457502927130339021e+00,5.807786913059602263e+00
-6.788845897700066523e-01,2.539716075578808407e+00,7.154657092102845173e-01,-1.426682533971605382e+00,1.775595456282657025e+00,1.651894563964980911e+00,-2.911411405555349496e+00
8.162418368523173262e-01,-6.058155011913574084e-01,-4.016887282620998922e-01,1.405490365015673870e-01,-2.097224960491844037e+00,-6.493025604772283410e-01,5.772838451745407440e+00
5.667357005908530976e-01,-2.051456492872411608e-01,2.874251230899971254e-01,6.159029047654355216e-01,1.458220282672186841e+00,9.234532587079844479e-01,4.419041974528319372e-01
1.209569574504047118e+00,-8.115823374238981813e-01,-2.652548857657338610e-02,1.566062954889952674e-01,3.795409269072252956e-01,1.186793448557360159e-01,2.399094009996900478e-01
1.301144477298412205e+00,-2.828232684777587935e-01,-8.951077912672098513e-01,7.898325406094449663e-01,2.744396334939708249e-01,7.392689491458505069e-01,1.737763198940189158e+00
-6.461853982409746511e-01,5.713247170627406835e-01,-2.471846497540176046e-01,7.819999758324138739e-01,-2.731164902872246780e-01,-9.520428320508409481e-01,2.077388984689679141e+00
1.446531127738808764e-01,-1.607954738162837849e-01,-3.194196004176960701e-01,1.177006472076637111e+00,-1.858390951916067957e+00,8.089678647640574649e-01,6.971793136941572655e+00
1.008289103956496735e+00,-3.147895641350443863e-01,1.275072349839180275e+00,1.705412950660764593e-02,1.272450720630089460e+00,-5.864744124582127460e-01,-1.893112109696364342e+00
9.747554924493008199e-01,1.886187290485699664e-01,8.128669495472720108e-01,-4.740793034909628334e-01,-8.814425426729983748e-01,-1.202417861834179091e-02,2.647457629502819376e+00
-7.468319314341542725e-01,3.793156098572625368e-01,1.345503681732066914e+00,1.517587684687687899e+00,-7.808247046589099627e-01,9.912801739032153225e-01,5.151815037137374986e+00
-1.074757571539575185e-01,1.282365246963276695e+00,-6.928542569737919932e-01,9.454027098713289057e-01,-1.113756127875217827e-02,1.710897446112745079e+00,4.202859579667213907e+00
1.055678157431492181e+00,-4.063163959490625476e-01,9.997531092706483102e-01,-7.662015792316652085e-01,-5.398121894715313118e-02,1.126764188395805721e+00,1.530837106648805790e+00
-4.841757480615433984e-01,1.058110441043756289e+00,-7.063152801133071312e-01,-6.059905173330333295e-01,3.156477547370796222e-01,1.520451060009199717e-01,-2.687213424533432260e-01
1.382984914153305711e+00,-3.417950632035028358e-01,-2.147302404504717543e+00,-8.486466622641590796e-01,3.021697721288402194e-02,1.423243612847551409e+00,-2.207608235176465872e-01
-3.036837650068016647e-01,-1.081502428283134920e+00,3.619715560688474554e-01,-1.764010514292498888e+00,1.582522688172529834e+00,1.625768579385241885e+00,-2.795540563152118629e+00
-1.238888101301366840e+00,-1.732013908618464271e+00,4.808049784695347939e-01,3.901254014779760304e-01,2.788533074720127125e+00,1.585491870726922325e+00,-3.584597752944206128e+00
4.733876778173724542e-01,-1.293210123311298920e+00,1.661302076456355969e+00,1.190616677596486372e+00,-4.507004277158921379e-01,3.249318050722446727e-01,3.844746983582131516e+00
1.975258421669520703e-01,-1.779625387717319152e+00,7.544385554545022243e-01,-7.170809259687979109e-01,-1.561160425063715662e+00,-9.507130760070041653e-01,2.041880714392710239e+00
1.328049349300925552e+00,-9.458423937472509868e-02,-3.943928782169485725e-01,-8.892625326103757999e-01,8.795059656690739081e-01,2.040436563918818447e+00,5.984356664879482146e-01
1.229551698524544712e-02,-3.220491692269813466e-01,1.233909558318359023e+00,-8.226676762668524434e-01,1.632893772817920697e+00,3.256782361377826840e-01,-2.669703960594580927e+00
1.719381226742993096e+00,-1.546126874073527890e-02,-5.132233781558517283e-01,1.700397672664450743e+00,8.252438012501611686e-01,-8.248163247811005627e-01,1.441441504078339264e+00
-1.210400118394098223e+00,2.008190625112453276e+00,-3.313285141225419395e-04,9.132563175164146174e-02,6.601568620233089213e-01,1.125182569407683575e+00,2.573017199986822323e-01
-1.617072084196523041e-01,6.963972034388353771e-01,-6.373011588223670421e-02,-1.735117976938902018e+00,8.007384511119085557e-01,1.287084923563955319e-01,-2.612784690906994278e+00
7.275181007773144637e-02,-1.205171296915428236e+00,-9.149759376712340853e-01,1.853969192539417499e+00,1.029141197821054288e+00,-1.988376594533066144e-01,5.140543381211037932e-01
2.071241973705630457e+00,1.693997136420779093e+00,6.248482817703226999e-01,1.270520051217085777e+00,-9.606271727199446886e-01,8.829421132735783273e-02,3.693552461391142572e+00
6.113782177822535413e-01,-1.069270143846963173e-01,-1.752409204493355466e+00,8.039463648442504162e-01,1.818950947507739224e+00,6.668087044221564508e-01,-1.428708697867735467e+00
-2.298485284790346972e-03,-1.009192490755739247e+00,-3.132772735125620711e-01,1.690293183477054484e+00,7.284071361479900197e-01,-2.035346726447239130e-01,1.004327616037510085e+00
4.814071353430894318e-01,9.699762467006006750e-01,1.778073721933711049e+00,7.578733847462499895e-01,-1.974640222275627632e-01,2.216029047049872247e+00,4.814291972012025411e+00
2.055429398195155466e-01,1.654497090741363086e-01,-2.096168363606137675e+00,2.148418190395485539e+00,5.002822816983552023e-01,-4.490259165775708494e-01,2.639266842274175406e+00
1.922400647505465021e-01,1.430917921358097811e+00,7.446824639322493500e-01,9.990109501221625665e-01,7.270271419176177474e-01,-5.933053869006491010e-02,2.428393787569084417e+00
-1.465199133011899191e+00,-1.245191660257040533e+00,-1.695723549803409558e-01,2.195492019456306843e-01,-1.331641306715642292e+00,3.672560870517754816e-01,4.025310917770243080e+00
4.261886271272462556e-01,2.372020187950011905e-01,3.169179179984538131e-01,-6.837908268173611415e-01,1.717977821582678422e+00,2.193531770016520888e+00,-1.829153457571170982e+00
-3.251840310441390103e-01,-1.506955448113776463e-01,-1.439664005575741479e+00,2.762029394146040318e+00,-4.504055091841649983e-01,1.068576943989263173e+00,6.085180418823763482e+00
-7.742029399433401071e-01,-1.324766468445067069e+00,-1.257603598698354141e-01,-9.933718808805924727e-01,3.748985629217992388e-01,1.461583537384170128e-01,-1.800953082057247467e+00
-7.150682883951037239e-01,2.201940817587982657e+00,-1.004378318332008968e+00,8.129886492749288651e-01,1.796993817112508163e+00,-8.702968552311680650e-01,-1.818542346739943749e+00
5.449524095055284789e-01,-8.893791099034504821e-01,1.615045040248105135e+00,-8.841139737250645059e-01,3.526706573404567724e-01,-4.724919340403962442e-01,-1.158190740440694810e+00
6.957549004067838938e-01,-2.116887409614309767e+00,-1.005329263930590855e+00,7.499232875526654629e-01,4.135768210473525497e-02,-4.932361243751451907e-01,2.113255141255964142e-01
8.521936733365317318e-01,1.753501104985126569e+00,9.717226865991535067e-01,-8.448178643608283966e-01,-1.095269354797569594e+00,1.371108093530729377e+00,3.806064941066992002e+00
-1.149511495704039210e-01,-9.104080206308327039e-01,-7.504599883954459205e-01,-7.217498792323271406e-01,4.976601175017568712e-01,-4.085859212029872012e-01,-1.194453431061623050e+00
-1.270270559252837606e+00,7.129728265433401546e-01,5.476226375068040664e-01,-9.639860807277600419e-02,6.457595243685385067e-02,-1.567518447616893074e+00,9.089137634670396704e-02
1.240685529025482792e+00,1.557013469635140757e+00,9.697529857905763384e-01,2.625947534896214686e-01,-5.610568711585658397e-01,8.675211088966225947e-01,3.807072436206258903e+00
-8.095646752390789347e-01,5.317180390118139144e-01,-1.940421945898636702e+00,5.899720956405686279e-01,1.783039113138403797e+00,2.702170579076544898e-01,-2.667671155689294693e+00
5.915712119751984632e-01,-1.944593429106389104e+00,-2.910389669649631750e-01,-3.017314756706869217e-01,-4.359740538796667009e-01,6.052502278557388982e-01,5.957266979205657620e-01
4.071571967873147124e-01,4.890320086938415023e-01,-1.481333369525506205e+00,1.001203090864465128e+00,6.770403516554993617e-01,-1.114798593461001630e+00,3.277624401409564570e-01
-3.984052734626363224e-01,6.082546268346524787e-01,5.199451893367901256e-01,1.337713796060069793e+00,-3.175198316990919256e-01,9.404944948776111646e-01,5.326579703095431384e+00
7.366073682926028710e-01,3.781266291447200611e-01,8.798267273894004870e-01,-5.427005236011670508e-01,6.752755848053388910e-01,1.159298682636360045e+00,1.557351368871377373e+00
1.214545205804217209e+00,8.885065814424659703e-01,4.662166685030308400e-01,-3.515878512877658180e-01,1.518826266309834194e+00,-3.450703757553899020e-01,-2.146548802607084472e+00
1.031890972182030630e+00,-5.214193810474948565e-01,-2.993373939822135399e-01,-5.853699979072440884e-01,-5.719959785444359568e-01,3.927461644895306470e-01,2.578199501706228247e+00
-3.599601419532009183e-01,1.353564535325913143e+00,9.672374349984945441e-02,1.145397300593019807e+00,-5.535502089334166653e-01,2.011698417845897424e+00,4.973263186184903262e+00
3.676608294688900047e-01,-1.585311481073434114e+00,1.054065713342388300e+00,-1.058223023662618667e+00,1.095626542603830300e+00,-4.644083719238796260e-01,-3.075282673185561144e+00
-1.175406001532151024e+00,-3.601612768250975760e-01,-1.603901618379439009e+00,-7.281111802551337719e-03,6.823366305651922259e-01,4.679633426359958159e-02,-1.008822815083109781e+00
1.828492736588451795e+00,7.973342415085424850e-01,-1.208409463314026544e+00,3.813352155065846127e-01,2.199035412941040768e+00,-2.029471644760839077e-01,-1.855726354150971869e+00
5.968661414598896986e-01,8.658257584053404843e-01,4.685387848866074956e-01,-1.834319447146918636e+00,-4.869892155443458770e-02,5.594772196548771781e-01,-1.258229670225984975e+00
1.312143478824618681e+00,-1.347884302844182036e+00,-1.986792990409610882e+00,7.246679421391962750e-01,-1.050797959501392209e-01,-4.261479056570817159e-01,1.055727050520980592e+00
-2.170410630383595163e-01,7.523633971544034793e-01,-2.366698825672360895e-01,1.314784140205712548e+00,8.614919639457931100e-02,-1.291377732234020526e+00,4.581627407812494113e-02
2.929352342060910774e-01,6.441144323451695186e-01,-1.344915295328570792e+00,-1.496114567820591712e-02,-9.985936116315066169e-01,1.723917450656960115e+00,4.060275387717190654e+00
-9.921209057379798413e-01,5.105142894348921878e-01,7.514436389301997199e-01,-4.156681905745590599e-02,1.872156660217601187e+00,7.792173115899670988e-01,-2.207419752350668674e+00
9.832026871228273235e-01,1.835200778712952951e+00,-9.401183568446367378e-01,8.892977283918906961e-01,1.477855579601295988e+00,8.264733726831884064e-02,-1.032230111526888816e+00
-1.814368222106849116e-01,-5.168810724982729754e-01,9.217474971032501019e-01,1.936567834910336350e+00,-3.433598475923032023e-01,1.018619889296396464e+00,4.708183583038087150e+00
1.130938596473384461e+00,5.076432715058563083e-01,-2.598713754747543625e-01,1.091640361991950692e-01,-6.871061357005936454e-02,9.310939846578125678e-01,2.870528837487582585e+00
2.123966892496478853e-02,-9.421637219254739293e-01,-3.768070720764990500e-02,3.357715643093845959e-01,8.828166671645617525e-01,1.051475147978565783e+00,-6.465903288640753033e-01
4.980060345428454771e-01,-5.884196443547002886e-01,1.191829591577023395e+00,9.999583647364109762e-01,-5.246639942754006691e-01,7.317494987104834481e-01,4.982761305444856070e+00
1.384246478822586335e+00,-7.160624534322601598e-01,-1.336227069233770104e+00,-5.523618512270170866e-01,-7.998275983054026206e-01,2.980063173455869685e-01,1.959234959417016864e+00
1.438015927485182810e-01,4.597084839845847481e-01,9.627940728283752581e-01,-2.115721701574907243e+00,-1.226363660561677893e-01,-1.393405730463087133e+00,-1.695566241813438513e+00
6.838533124370957395e-02,-1.398435590536669215e+00,-7.008906833810111259e-01,6.019903179809964477e-01,2.374034048185504453e+00,1.381192683718945047e-01,-4.156264079189328164e+00
1.999384314652612016e+00,-4.270725210688990359e-01,-8.894573313600875331e-01,4.612785000621231757e-01,-2.431488809254475636e-01,-8.430321099731215018e-01,4.949376582495879084e-01
-4.085207255594396347e-01,8.378228850245179604e-01,1.011561241690776686e-01,-5.535091300468705788e-02,-1.392925839729998172e-01,2.566482431814670617e-01,1.864289165565039763e+00
-3.290127357725932677e-01,1.214551228990335741e+00,9.460965356771150470e-01,4.343955551618121635e-01,7.601630339728357999e-01,-5.290677748221407350e-01,2.939832462157344617e-01
8.340328591933400260e-01,2.781311280221889781e-01,8.848291547069430107e-01,-7.111826720176795957e-01,-3.479683241286166684e-01,-2.738221965316959827e-01,2.812426419231476293e-01
1.502359895543052160e+00,5.873970344444707781e-01,2.433635514836648139e-01,1.101350718883438301e-01,3.354450764721726430e-01,-4.088836315795728593e-01,1.050952791521599927e-01
6.017672838427354787e-01,-6.228212680437282822e-01,1.386519525665310448e+00,9.456521253042707853e-01,6.311171537208988269e-01,3.725156599524027112e-01,1.469159742199128260e+00
-4.891540240808813778e-01,-3.661220939128679852e-01,-3.022486739068663830e-02,2.004280362985000785e+00,1.034752496708674085e+00,1.670826539777650888e-01,2.287082299665650797e+00
-1.202977718422015174e+00,-9.570030619296281404e-01,1.245912750515362433e+00,6.041550146357302364e-02,-1.094604463980990428e+00,-1.055564757627382555e+00,2.930377979961911628e+00
2.788046247748883766e-01,-1.174397702851285863e-01,-4.572069461757902742e-01,1.237231235796436790e+00,-2.135620856668436929e+00,6.397575211134787221e-01,8.776192344635195042e+00
7.994564558277349187e-02,3.085440684131781630e-01,3.033338261631434163e-01,1.012144522851803785e+00,-3.204823206673476643e-01,6.172940450385905331e-01,1.898773153691791116e+00
-1.049397533871923582e-02,7.198728583291149619e-01,8.226122867723800747e-01,-1.106341534108234770e+00,-1.483657235122104012e+00,2.021644618315334263e+00,4.011122292419170954e+00
3.412015066846130207e-01,-1.661239060685262725e+00,-2.437168935629681954e+00,9.599236501257768506e-01,-1.081958076599195628e+00,-4.998555044896134669e-01,2.934370894836471066e+00
8.501734571135095564e-01,-1.976211631079132003e+00,3.417150711562585430e-01,-8.429106170323268366e-01,-4.227738912329097598e-01,1.450599574693527405e+00,1.402359827764125377e+00
6.581632567282216240e-01,1.098968498364731872e+00,-3.772585233807712601e-01,-4.684884922470213819e-01,4.156688795899489142e-01,5.173301738506991265e-01,6.767560482247193532e-01
4.346425253996695215e-01,2.764239772883910540e+00,-1.881005023661406428e+00,-9.182548526074524320e-02,-4.038569895631514139e-01,1.761330991171631277e+00,3.006385753033029573e+00
7.935868074842995501e-01,-1.135675256642247000e+00,-1.435202681791594714e-02,7.324108223067171686e-01,1.103816275873686914e+00,-7.692082071092481987e-01,-9.673529935374791666e-01
2.038107772389755823e+00,-4.812427141119459684e-01,-8.222227040330067904e-01,1.772792976979751023e+00,-1.188752806041103227e+00,-5.797919703458451757e-01,5.482193373839260531e+00
1.786497722990028292e+00,3.957951061074412857e-01,5.589815041014318808e-01,6.108936816115815294e-01,5.509742070533754088e-01,-1.404241938699808179e+00,-2.912851551883735013e-01
-1.527328183031615660e+00,6.447776809929325892e-02,2.267291934486365790e+00,4.385376880853177339e-01,2.535492576392043840e-01,1.114232175446870921e+00,2.926839272162188088e+00
1.226851391698078997e+00,1.018659601431471495e+00,9.663819527152258670e-01,4.263914476766367811e-01,-7.595764190521941961e-02,1.208466336029276222e+00,3.169210042685613793e+00
4.300631942827810583e-01,-7.726554637073856924e-01,-6.869421078172460726e-01,1.094335748846743339e+00,1.246163281281400526e+00,9.904806871205572572e-01,1.572850117645080203e+00
1.486175052188815959e+00,5.854939118966056011e-01,6.601976428581484146e-01,5.593380475739192503e-01,2.062720596841274734e+00,2.441328903013274265e-01,-1.518827891954991127e+00
1.258175646053778518e+00,-3.693938089341703979e-01,-7.946167545459897896e-02,8.904148090072641075e-01,-1.155576248115423255e+00,1.329001004639054073e-01,4.064090457660633149e+00
-1.027081105244699977e+00,-1.349735623711157517e+00,2.382552688716498834e-01,-1.061746690632222601e+00,4.067975569361614308e-01,4.369085301501161034e-01,-2.313119239862194032e+00
-1.198070663310865092e-01,2.505241395129761406e-01,-4.350922518048125909e-01,9.463588567930665274e-01,-1.729953947648413815e+00,-1.587169767878400473e+00,4.579551574746618670e+00
8.190677459267343696e-01,-7.731709331956776454e-01,-9.554750678314960499e-02,2.773432949633721778e-01,-4.838611017500321632e-01,5.236678601200788208e-01,2.366376044655903232e+00
-6.378615564687715178e-01,-4.078350219880425565e-01,-6.534396207704634696e-01,1.200608906437415468e+00,-2.923337105935078228e-02,4.203848589721044804e-01,3.414569355204792878e+00
1.355295409674258877e+00,-7.240105730250920857e-01,4.901164989376631254e-01,2.727771250185787033e-01,-1.719144900157461242e+00,2.281435171092517145e+00,6.239870518400898902e+00
-8.845394996774420537e-01,7.277789282423471895e-02,7.463398051654394072e-01,1.149866401596662868e+00,1.328388350342449842e+00,3.373081743590166104e-01,1.433210594625906387e+00
8.274662351041547348e-01,-1.577649621044332928e+00,1.816209956816440263e+00,-2.725346971405772645e-01,3.590791167453989963e-01,9.742955830213598789e-01,1.819321680154715182e-01
1.452564519668510412e+00,-1.208634097536712693e-01,-4.814115169970091257e-01,2.133944376381875507e-01,-1.844556064553269370e-01,7.132786091348867208e-01,2.112358189490718186e+00
-6.121698534943401659e-01,-8.690817184131436335e-01,-1.647789872328580429e+00,-1.016903872508617246e+00,8.429081118654914162e-01,-9.297181762730397647e-01,-2.733443327636976061e+00
1.550557213270068013e+00,7.843871164351471359e-01,1.453947116706177489e+00,4.087303126020754296e-01,1.076703844696558637e-01,1.389650858798966437e-01,2.602184777778965064e+00
1.561578417380675710e+00,-4.032852167175328129e-01,1.798573748349068691e+00,6.015405937723951324e-02,8.928898029756656696e-01,1.257205122547386256e-01,-3.617006399008599882e-01
1.441029828091132003e+00,4.122360701640496172e-01,2.483558380347497541e-01,-1.331395909392248500e+00,7.949006145383978872e-01,-1.079522838294249443e+00,-2.647264671266395197e+00
7.573110500551506474e-01,-2.024186699335023931e+00,-1.114430033143426257e+00,1.989923283369645413e+00,6.646125012870534032e-01,-9.507552400908063639e-01,2.027978776775790415e+00
6.174263907591320821e-02,-1.182852493760867096e+00,5.367091226063097631e-01,-7.034070174575581813e-01,-1.941527683327149090e+00,1.018703283551370520e+00,4.939872999559474565e+00
2.444768002517460737e+00,-5.086342373183150301e-01,6.156398189472478411e-01,1.101282339804153132e+00,5.835837320782932824e-01,-9.724441279485711576e-01,4.106830474493435856e-01
5.062305986136543812e-01,9.164177707667634509e-01,-2.546757267765810129e-01,6.089569296557246769e-01,3.664723562152492620e-01,7.166148992502848758e-01,2.410781906098934613e+00
7.879951815979596708e-01,1.870922183597736543e+00,5.069706945109189178e-01,5.344952103930649123e-01,1.006114213492319998e+00,-1.907638402527321864e-01,9.862082505270264310e-01
1.381435572749453444e-01,3.599228785802398578e-01,2.532970420908690623e-01,-1.604765057712312371e-02,1.645608182951762699e-01,1.201205676375864062e+00,2.259137730146626666e+00
1.320026720401025477e-01,-1.349260435973181460e+00,9.653369476059311394e-01,-6.564074508961209586e-01,-2.431814409634746044e-01,1.165612928013797678e+00,1.129431288522790400e+00
2.274181665891732429e+00,8.449183913041283800e-01,9.146444141091696345e-01,9.395957011225221367e-02,3.949469824195088186e-01,-1.467548775817610340e-01,-1.016484032855652142e+00
-3.820147544933774064e-01,-1.700535822150233134e-01,8.565387420700678600e-01,-9.010964612819144515e-02,5.904890297620859485e-01,5.216649919982831174e-02,1.747983940686842486e-01
-1.098749492973249309e+00,9.479681379596138768e-01,-7.463617405485982736e-01,6.843842981616050647e-01,3.977202259610430057e-01,7.796103543896704124e-03,1.027102706065256443e+00
-3.580012035471673570e-01,5.913935360404529717e-01,1.208139096335303364e-02,3.079802076800699506e-01,-8.408955828169626390e-01,2.804869523416951838e-01,4.172882130750775964e+00
1.210960305503861134e+00,-1.143911466864034665e+00,7.671871377918648705e-01,-3.208866716158962351e-01,5.851254031194865757e-01,7.945197165341046919e-01,-1.816122382058211748e-01
-2.247494052382948304e+00,-1.367453160437537285e-02,4.389927872293825639e-01,1.984419059453164547e+00,1.123436037186458680e+00,1.646444400989905965e+00,2.318951134231666877e+00
1.210618287930563530e-01,-6.923616405094542570e-01,-3.404227418940379835e-01,1.155954700685767056e-01,5.463454626219169663e-01,3.743526841476344513e-01,-7.529053613776062193e-01
3.228977077138428520e-01,3.183524141832633214e-01,1.453978376212601731e+00,7.117308285710649551e-01,1.168737297236893458e+00,3.231786407783773241e-01,-2.671213467022548471e-01
-4.241189443854676000e-01,5.502193862852724493e-01,1.304950464636902341e+00,-8.036666814484961785e-01,3.707649812792218613e-01,3.661595507705879271e-01,1.444055203675065346e-01
5.484089538448841950e-01,-4.129099386474162081e-01,1.234471770559254722e+00,-3.761771402114377771e-01,-1.110021417797496301e+00,1.741780981167207143e+00,3.613833996370229062e+00
4.095259929193210136e-01,-8.184195657892822107e-01,2.096731101714453871e+00,-4.672292182320363363e-01,2.839756419087910988e-01,-8.425324361288764052e-01,-1.340532933610756317e-01
-9.865463851147500129e-01,1.497939913552909452e+00,-2.092982526863224613e-01,-1.245363121663931816e+00,-8.351971957144885828e-01,4.663862170597801726e-01,1.237059809948670708e+00
-8.216362530010905552e-01,1.746486321666554709e+00,-4.911967579741609580e-01,-1.531784275223826430e+00,1.139304243456128685e+00,4.958482226651126368e-01,-2.549848682603304884e+00
-6.170604321027770567e-01,-1.697106788150261614e-01,-4.973896280581715512e-01,1.062469373249790294e+00,-8.376200645877562856e-01,-5.235552933968750100e-01,4.217716752287094195e+00
2.952599450002019843e+00,5.036458115992252793e-01,2.305805609425823022e+00,4.251509319665548459e-01,7.647354328585500571e-01,1.335482844284507697e+00,2.314617062845246487e+00
-1.254233513822847756e-01,4.347412463309318076e-01,4.666758469741041360e-01,-1.200239881082060256e-01,5.799160492788002497e-01,-5.437121392176387236e-01,-1.562248642998539605e+00
-9.158507496535717163e-02,-2.222322597161462632e+00,2.269583057899954848e-01,1.036062014733972081e+00,-4.297370296933181733e-01,-1.072900412898882827e-01,2.559582774495449797e+00
4.710372645165095129e-01,-2.648635247098598988e+00,-6.567412219592239087e-01,4.649984134077214670e-02,2.867402419357471643e+00,1.736201580201751415e+00,-3.679785419600976049e+00
-7.178557049355991371e-01,9.910481942696631741e-01,-6.488675652323613319e-01,1.954059485682535235e-01,1.681767639174975848e-01,4.626855986545274635e-01,1.962740244266129253e+00
1.366972454206394127e+00,1.179772290208186636e+00,1.242653808028567397e+00,-9.169190698726086275e-01,1.197430306873323413e+00,-5.604454059154653778e-02,-8.643984523243131157e-01
8.417476225924382938e-01,-1.365189249892174495e+00,1.660212317047493613e-03,-8.774902047475963140e-01,4.473527715320615994e-01,6.131196943979426717e-01,-1.318791874644639872e+00
8.708279308306928757e-01,1.375059120907222043e+00,8.675948920082729998e-01,8.473312704587759869e-02,1.395592817738479763e+00,1.712646151066436806e+00,-1.836697203776593845e-02
9.314169791195923143e-01,-1.940655951936828716e+00,2.946772465023290710e-01,2.406166710882289728e+00,1.262676292484024021e+00,-4.582333414911804459e-01,1.657881303917367211e+00
-4.712407627157357837e-01,-3.099091159203595791e-01,2.069946122218638829e-01,4.401127210964600467e-01,2.771993055114703175e+00,-8.601822170766737496e-01,-4.276717037297206758e+00
2.349447398296042600e-01,9.855864016869625432e-01,-1.629060411633108219e+00,-7.090599973475953943e-01,7.677728479239376291e-01,7.360992119532333566e-01,-2.169770187833670150e+00
-9.386514893562971640e-01,3.559688712108046715e-01,9.362514211532773079e-01,4.110768337003625206e-01,4.020132266747127869e-01,4.813866157762194398e-01,2.468496714302105044e+00
2.022317611966445661e+00,-2.029757402190804361e-01,-1.331817944305769275e-01,-7.657171668770196282e-01,-1.801409130448678120e+00,2.091808755598886016e+00,4.711990447920401337e+00
-8.169782728061187882e-01,-2.501760992927238858e-01,-1.280658371776707272e-01,2.307861364769293600e-01,9.708378290003130129e-01,3.773215669183317966e-01,-1.531736089701410286e+00
1.936690904302962091e+00,1.719606461389626695e+00,9.068626855270242038e-01,9.656587716536977339e-01,-4.329948430533029358e-01,1.995742281710097155e+00,5.088528644990397254e+00
2.839396307115214513e-01,-1.726373594182496696e+00,-1.095428765028608531e+00,1.882003243654150504e+00,-1.305002270864461522e+00,-7.544832612411758177e-01,5.078577842890721783e+00
2.693253720401509455e+00,-2.435528244285926625e-01,6.476426868528675218e-01,-1.165063125112161035e+00,7.954374044346469441e-01,-1.226413419214370082e+00,-3.447897921623503059e+00
1.300055323449827549e+00,9.493267469431575512e-01,-1.799333476979994018e-01,-3.856515419888388863e-01,-7.812188162879792896e-01,7.123767486087487777e-01,3.009198450000779346e+00
2.484691314903044734e+00,1.209921949295682309e+00,-1.400508396377524889e+00,1.183167989591464186e+00,1.209061124244235619e-01,-7.869431986393250478e-01,1.295091036438688059e+00
-7.579189263732664106e-01,8.231556888520554782e-01,-3.787945044904172942e-01,1.117953135199284631e+00,-1.186445073472708334e+00,4.701921915452250689e-02,5.275009611806131815e+00
1.192485878341398964e+00,-6.144399842706416148e-01,-3.794517860706049239e-01,-3.283745298323230699e-01,1.100621928996531329e+00,-4.514187937956058994e-01,-1.656109372441336713e+00
5.758381024869756448e-01,-1.182098087253067531e+00,-1.986875056819965790e+00,1.033715428242971246e+00,-4.976869640516518034e-01,-2.005749294177023856e+00,1.507905768952726655e+00
-1.029882313341053068e+00,2.466466432511038587e-01,-1.646104540635769387e-01,3.706028910996811976e-01,-5.947069215237327233e-01,-4.821115025707534141e-01,2.149565666556788379e+00
-4.026997765580657695e-01,1.657592513141141533e+00,3.788538859272194692e-02,5.982319424752668979e-01,-2.445004836099054502e-02,-3.752211512507659386e-01,2.376491451117969778e+00
1.463283350799223115e+00,3.798504760882043252e-01,-7.935516484483886579e-01,2.424139797929508733e-01,3.405064592798654477e-01,9.070818932002279178e-01,-2.183308874090270635e-01
1.568112508305684827e+00,9.865688995703691955e-02,3.167827639797194950e-01,1.843976113573644326e-01,7.794341117622922699e-01,3.700103127174400042e-01,1.354421933569817549e+00
8.921211325041424889e-01,-1.469879906178351625e+00,-9.000121614899154743e-01,5.316169783837487728e-01,-7.994062414976553788e-01,9.621158536957932217e-01,3.641387497488052905e+00
7.768260672399235345e-01,9.537729154010994304e-01,4.065890140097780381e-01,-1.462054931094664223e+00,-1.640576321383180991e+00,-8.326417252397670943e-01,2.394974554838178449e+00
-1.106609297998730090e+00,-1.034183869297924385e+00,1.133862850896496965e+00,-2.996471788319139407e-01,-1.085173504115598098e+00,2.351812346538209308e-01,4.464703943364438210e+00
-7.520713527475998417e-01,-3.929171639327868615e-01,-9.668397974522933147e-01,-1.103938984416611979e-01,-2.052781196744223102e+00,-3.227622951926220618e-01,4.446187401760778535e+00
-4.710850040628234980e-01,-6.892079722950497644e-02,-2.069091327096665989e-01,2.212956595147929639e-01,-1.101008378137177779e+00,2.028727124023637085e-01,4.121219744935402218e+00
-4.983372905259165764e-01,-1.364091950340225567e+00,-7.899390770013497987e-01,1.063295494384865369e+00,-1.134191180505356611e+00,-1.587008404414578022e+00,3.045438848161499124e+00
-6.382678303928965846e-01,-2.961982273309768376e-01,2.443253677085493791e+00,-7.926841548292805628e-01,9.151281073078874062e-01,-1.404769494427255960e-01,-1.390196276115269303e+00
-9.325432156055986077e-01,9.472649805847955795e-01,-1.460288980909167922e-01,6.154537001877252722e-02,-5.000382562568024269e-01,1.995565968256533207e+00,4.236714874640656880e+00
-6.304873376715262046e-01,-1.098005112075634560e-01,-1.641821372602571660e+00,-1.325478212758858687e+00,-3.169391631126829978e-01,-7.602917439658878340e-01,-2.368546482274332732e+00
-4.491061877134443492e-01,-9.998078280287099329e-01,7.435409518267485085e-01,8.932789885711956979e-01,1.697473489632630450e+00,1.090986363878229337e+00,-4.610634809387481603e-02
4.855636369052210299e-01,3.197954655721299000e-01,-1.869081298410725234e-01,1.359499009932745028e-01,8.900583399056160028e-01,-4.763052314641154084e-01,-1.202708940917776470e+00
-8.187910455486840933e-02,-3.645818901977475601e-01,4.670063751850836442e-01,8.997179983195465747e-01,3.588178459940403187e-01,-8.585890039798360629e-01,3.001726153927261054e-01
1.563227230565069348e-01,4.439073665323631235e-02,-1.443143447766703336e+00,2.894013672108910473e-01,-1.712647073320151092e+00,-1.074135929954704194e+00,4.018466657101258832e+00
9.909366129249803645e-01,-8.830443666319371943e-01,-7.647598374731201520e-01,-7.642526619946925504e-01,4.415577713505651758e-01,1.117905137255807979e+00,-6.786422265316358615e-01
-1.422926300213924300e+00,-3.840817041475541593e-01,1.344535763627282332e+00,9.619927004282793348e-01,-1.796138717239333493e+00,-1.214975492912498400e-01,5.839476388125063977e+00
3.758974501119612954e-01,3.661020954097193858e-01,1.308580192077493654e-02,-9.737572156401801404e-01,2.402669773189530567e+00,-4.462453114017640443e-01,-3.893286484667765279e+00
-8.503358747099343251e-01,6.488441780776262879e-01,7.192671409642508173e-01,6.170742444931233417e-02,6.697362931821957410e-01,7.608527876872477336e-01,1.579528007700488068e-01
-3.228643782800085238e-01,-2.753040754005527391e-01,1.647613081715081584e+00,2.755909564008103274e-01,-1.883295099541875350e+00,1.152276824454604665e+00,5.762573048100174233e+00
1.811413870457964315e+00,4.669389232356400132e-01,6.399346886666262835e-02,-1.988674275485477816e+00,2.947591856325493254e-01,-7.354017389234270841e-01,-2.524399396371456383e+00
5.798557756373778904e-01,-9.923526657770160853e-01,-8.094062904357853805e-01,-1.588537261241739218e+00,-1.549702202312976396e-01,3.724296622302716853e-01,4.175717420581632755e-01
1.690456421127548348e+00,-9.788181815981272793e-02,-7.863241107359606463e-01,9.464255281186174928e-02,1.710311602822181254e-01,-7.787695064801641864e-01,-2.581176964547076125e-01
-2.113710004789852270e+00,8.965437124578268246e-01,-1.072438536326883463e-02,8.393547186108663016e-01,1.781275772743548202e+00,-8.639966897259865330e-01,-1.428509965427723571e+00
-2.581381843094696094e-01,1.516748204213557827e+00,7.933196927805755694e-01,2.542344341691449849e-01,2.015747965489895766e-01,-1.917171390692916089e-01,2.731341264050030304e+00
4.833092326992911025e-01,3.282779094331248482e-01,-1.344999335499768911e+00,-1.419537325352218660e-01,1.239194902502963380e+00,2.843286922175273790e-01,-2.433598481957903292e+00
7.211762722364192246e-01,-2.409948680441897473e+00,1.725397133161964192e+00,3.680676759722303348e-01,6.772797339139329242e-01,5.866979023338705357e-01,7.221754667753148560e-01
-7.771564958176968574e-01,-7.096376967210805686e-01,-1.077691712925640810e-02,1.885896415039362450e+00,1.005520169405348829e+00,4.796021063973198717e-01,2.593221497505714623e+00
-1.458030479071112939e-01,1.450259982481931220e-01,3.531696333515813579e-01,-4.894719579280732979e-01,-5.501854903092806559e-01,-2.777160923616659893e+00,-8.286621741533715113e-01
9.799252342315010189e-01,-9.883443551352126821e-01,-3.338600575621927247e-01,-3.556233653900832126e-01,-6.953253132521775015e-01,-1.069446846276485674e+00,-3.094633939345809992e-01
2.141101031270132182e+00,2.573282970883373544e+00,1.515185739253663399e+00,-1.032229234479453028e+00,1.167640395632743022e+00,4.440733078483437013e-01,-1.062613730556712266e+00
2.727482560848116799e-01,3.446698213155925394e-01,1.014423113368379425e+00,1.080998123597189248e-01,-1.146130381925845487e+00,2.121034293564012518e+00,7.126953007700744358e+00
-3.287221769697763474e-01,1.192128138354439981e+00,4.763706570422674980e-01,-5.952867370702914496e-01,1.040469051629732355e+00,1.113229883286308119e+00,-1.117016784009643438e+00
1.257181924454873201e-01,-1.281170475697335887e+00,-9.816256106169789497e-01,-2.199297030925930208e-01,-1.841404540855165473e-02,-8.114438745778559392e-01,-3.119966353439513895e-01
2.118838063795674742e+00,1.659061033220731840e+00,1.958814898088243606e-01,-1.077155881371747670e+00,1.072585363172710693e+00,-1.100376723806948176e+00,-4.271427617734298465e+00
3.461670258079679874e-01,1.002835707916443386e+00,1.412845824748937551e-01,-5.990145445339682961e-01,2.701114840942373529e-01,-4.829621914747898037e-01,-1.348020356583353063e+00
-2.783217576281796224e-01,1.037825089597466804e-01,6.025455524151028808e-01,-1.283070562274341464e+00,-2.497108170629301904e-01,-2.157064963538907199e-01,-3.956821924469431373e-01
3.941665336865360914e-01,-1.060441355896886151e+00,-3.865763676132990545e-01,5.419194314359475351e-02,1.435358809509081901e-01,4.441888837566667081e-01,1.662358364623643059e+00
-9.803563492941064217e-02,-1.071895072817301564e+00,3.380323155923649625e-01,-7.264155256716698927e-01,-6.732075562260697588e-01,3.209634781967077855e-01,8.186717917939255740e-01
-4.766909150801822426e-01,4.148656813255942599e-01,-9.388045633077884977e-02,5.858527334148904142e-01,4.507909932658694108e-01,9.735264867508049980e-01,3.360241215006546378e-01
-1.114196309721010580e-01,-7.204616821824444406e-01,-1.210952211554140678e+00,3.168213521503483454e-01,4.362106104963089925e-01,-1.124019471682827342e+00,-1.221467301110533477e+00
-4.433703198334930651e-01,-4.914144627950809419e-01,-4.067391916324347712e-01,2.413798219497329534e+00,1.133111973681800055e+00,-1.080094197867330852e+00,8.016504245567503961e-01
2.237614196396339183e-01,1.204309380666866769e+00,-2.878796972595915049e-01,1.089621727633672377e+00,1.058710609380270951e+00,1.531809028151157825e+00,2.612416601305213248e+00
5.848810139621658521e-01,-2.310598749920340089e-01,8.230550504801508183e-01,9.174804165109601284e-01,1.007317023442574483e-01,-4.340273477301197502e-01,1.409964119854002274e+00
-1.992598108407159230e-01,1.262615284970008522e+00,-2.504353123310183449e+00,-4.006591582431560106e-01,1.669568978611146504e+00,2.558740794339763314e-01,-3.051267235187145488e+00
1.794034791676213936e-01,-1.990878994580890793e-01,-1.396445339095685467e-01,-2.852684472986708464e-01,2.127936986215993365e+00,-1.564519408248299381e+00,-5.800801255813322399e+00
-1.862203601385752583e+00,6.338892722708848460e-02,8.973108951884053441e-01,8.980217924640380156e-01,9.811619695608706504e-01,1.068897192159053322e+00,1.060555864963057759e+00
-1.102901143073831802e+00,-6.499886523834358387e-01,-1.056603649304211245e+00,-1.939915654244090959e-01,1.642596117287053570e+00,1.342627288915177464e-01,-3.563924667242513777e+00
9.076965371659964088e-01,-2.253477497211708425e+00,-1.138373748940828545e+00,-7.290613028901119508e-01,1.696082042121467737e+00,-9.268766501609442265e-01,-4.191177807403357214e+00
6.635638761678580577e-03,1.509848612872021212e+00,-3.730913460259577263e-01,-1.352881034022812567e-01,1.774868610333514007e-01,7.485761712311044258e-01,1.486776026355149494e+00
5.287761596981279677e-01,6.670855505794697216e-01,9.366856530584253271e-01,6.243108027889249234e-01,-5.155899409222838847e-02,-3.477323494450218488e-02,2.657885529876668151e+00
-1.286340485823487922e+00,-4.394029340246915494e-01,5.135439504641337027e-01,2.369729152765187585e+00,-6.379706609961464103e-01,-7.142403013704161641e-01,4.733205001896065411e+00
-7.963079871289981959e-01,2.264803081479933033e-01,-1.403265129328714611e-01,-3.662685126311705508e-01,9.962835926368404094e-01,3.776534928241772615e-01,-8.543091625052565696e-01
1.049551181124656285e+00,-8.369392186964883518e-01,1.181988530264656889e+00,8.112962567671337943e-01,9.791106206135068435e-01,1.218403462455072583e+00,1.881459034299407307e+00
1.404452498711593167e+00,-2.537615604816629289e-01,2.087807332510409175e+00,2.373965391755900711e+00,3.166380593088065076e-01,6.506654353538676716e-01,4.361393141797357487e+00
1.294707960824784676e+00,-1.449278472109161831e+00,-2.241290904767734737e+00,1.137578966616503928e+00,-1.600219419857043412e+00,-1.612187850726215066e+00,4.703629690366788019e+00
7.089010803831482521e-01,1.053527612203296382e+00,-5.520422853765063476e-01,1.154788491526879568e+00,2.195353848279865683e-02,3.904494779412872596e-01,2.962580658957747914e+00
-1.378890361067293124e+00,-5.988738005349359961e-01,2.043593200835091828e-01,1.240766120498513647e+00,-1.956963720436883714e+00,2.606119445866759143e+00,9.147437503378585077e+00
3.269214145318563025e-01,-1.321645300929818134e+00,6.079670320920580462e-01,5.638068862841959239e-02,1.067874212210844664e+00,1.835526620246517027e-01,-2.342875295220087750e+00
1.572621767966905781e-01,-6.475849821019130648e-01,-3.830627127970712698e-01,-7.977880816273174025e-01,7.088281031204910487e-01,4.187082065813941267e-01,-9.638303416160369785e-01
-1.232919824324270053e-01,-6.207229423645522770e-01,1.171731240269072938e+00,-7.022812784107136386e-01,1.189580533145504937e+00,2.064375872045983940e+00,6.162540478871760818e-01
1.795976547296874171e-01,8.287664154721194887e-01,5.239088425047855324e-01,1.194383931809336330e+00,-1.068467860109670431e+00,2.028474175287141024e-01,4.583600180384912903e+00
7.259087103773128602e-01,-7.014162005139358280e-01,-1.034958525106597360e-01,-1.668573655262020283e+00,3.287632423477997445e-01,-1.505169503571461398e+00,-3.170896973750227055e+00
-3.247100725951824196e-01,7.824757373521361303e-02,-2.286372161439750528e+00,1.061693468395830120e+00,-4.249554447449336303e-01,-5.330313320520999598e-01,1.929737115933390701e+00
-6.032391410779062157e-01,-1.764679550750002157e+00,1.283515413691559637e+00,-3.021878703503522723e-01,-8.250799818286710385e-01,8.525249036901234589e-01,2.856408197887968736e+00
-8.202048938334325356e-01,-2.166852446064487125e+00,-5.826262860014163047e-01,7.619402844121400120e-01,1.466619959565478748e+00,1.358279071615229039e-01,-1.238204240086322017e+00
1.419349027563092003e+00,5.768227765497241366e-01,-1.757609823650552183e+00,5.124883806860032198e-01,1.671281568362394276e+00,1.253271260203741688e+00,-1.152592073574325582e-01
-5.133892071489540854e-01,8.289696327817538402e-01,-3.148951116173152598e-01,-3.922686024933544902e-01,-1.622040790825968859e+00,3.674652279225921747e-01,3.912054192929424801e+00
1.725293892284388786e+00,-7.168449766622111419e-01,-8.835101740834598871e-01,3.932251098710170534e-01,-3.874602523465604520e-01,1.389447034239480239e+00,3.425736496646608398e+00
5.394992332590564654e-02,-4.107373673871546060e-01,-1.534298607541895731e-01,9.277906456660116319e-02,1.444860401689184837e+00,1.233542454955078194e+00,-1.420719653461613774e+00
-7.362496007907461948e-01,7.944821337902403524e-01,6.918716165075394775e-01,-1.349735577464638014e-01,-5.756680870288668483e-01,-1.491030920138425087e+00,2.198498133309958469e+00
5.422925003791729814e-01,1.194838752544344462e+00,7.062519216280888079e-01,-2.841184214869604263e-01,9.095337677209399674e-01,-7.254412138161846491e-01,1.786655063618167727e-01
-5.854599608686588130e-01,-7.582783906668002505e-01,2.484510435274127071e-01,1.511895626435028284e+00,6.582141137030741440e-01,7.058832426892911460e-01,2.687377412947470567e+00
1.093745634881460704e+00,4.567680273159049342e-01,-1.138835718775838890e+00,7.846491565493417253e-02,-1.040912491241352544e+00,1.153731250179431900e+00,4.028597741082795558e+00
1.599934534045875711e+00,-2.161656792525469051e+00,-6.952544122755041633e-02,1.124936059025314128e+00,1.365124268793859841e+00,1.160401532643803968e+00,1.717720986105184533e+00
1.715176938525235506e-01,1.322344438099403829e+00,8.815932309558859314e-01,4.608819136489569757e-02,-1.812973362215815287e+00,-1.081016483153125485e+00,4.119529540570883164e+00
1.958916182782131643e-01,4.758889282367447793e-01,8.743145569655808025e-01,-9.252901418621202190e-01,-7.366849963922682543e-01,-2.904244986931161510e-01,5.938367903415192606e-01
-1.582651303227540218e-01,-1.050672604865738879e+00,-5.417607155099585237e-01,-1.162959343869955697e+00,2.555177557136527611e-01,1.587149150022020283e-01,-9.883555035705553493e-01
-1.588704917859876664e+00,-2.497390489816320169e+00,6.193489164920600309e-01,-1.055620185235749631e+00,-4.097168915972609904e-01,-1.685203759938542212e-01,3.345829697593406538e-01
1.360681266553047664e+00,8.076010284363923653e-01,2.797127336786058294e-01,1.717139629509337295e+00,1.120633053461216999e+00,-8.128481032591293731e-01,8.969784129340716561e-01
-8.112416941299903650e-01,5.638953336853843590e-01,1.205054603879186725e+00,9.223657495427141362e-02,-4.701164643406589017e-01,2.444871665346321221e-01,2.791752323720704698e+00
7.410442697278056545e-02,1.641350701609422646e+00,9.190512314891703394e-01,5.558119978874498379e-01,9.910463440060454099e-01,8.500627497183865788e-01,1.714964678248009022e+00
1.092941842426667698e+00,-1.709966894407711546e+00,5.448657118783325481e-01,-1.409688652880877413e+00,9.330931248531569855e-01,1.734753578092874449e+00,-9.431950603858560989e-01
1.585707118134432880e+00,3.788140351613834556e-01,1.194240766019799560e-02,-6.063705146608392438e-01,5.904659345794283087e-01,7.940826862154932719e-01,-6.389584296914190276e-01
4.167489520206635323e-02,5.534407235205849318e-01,-5.827094074568298643e-01,-9.504442593943214224e-01,1.304658494990154294e+00,-1.823667083766183028e+00,-4.365271126406731206e+00
-4.117641096537061340e-01,-8.566385751279936844e-03,-9.510663245666741705e-01,6.461250118992463154e-01,-1.126366394842494012e+00,1.496783103291965400e+00,5.888878679897665336e+00
-1.108023286980495570e+00,-3.072518543815256353e-01,-2.566513723574553318e-01,-9.127709327239716952e-01,-3.398236228278987969e-01,-2.382993306596155603e-01,-8.873542617589929016e-01
-2.232768747102459872e-01,-1.456444252435350251e+00,1.414251327683277104e+00,7.215066213607492784e-01,2.017168794887530758e+00,-1.072439548987429436e-01,-1.680654816900135629e+00
-2.306025816929361483e+00,9.663054638864950752e-01,-5.476270755786747380e-01,-1.179633278047002687e+00,1.217279157741673945e+00,6.034848784163222846e-02,-4.075501235247130261e+00
4.351391851327058857e-01,1.610973571393192527e+00,4.280639083802389999e-02,1.763575949493012329e+00,-3.462715052317608677e-01,6.966526111459233617e-01,3.880687835120625095e+00
1.725611439961731053e+00,-1.451020782846579094e+00,-9.913874939691362798e-01,8.373398707248963513e-01,1.025925418624232144e+00,1.175396544100488994e+00,5.794059963688887871e-01
-8.625017195009614390e-01,-1.972239108950690212e-01,1.853242182273973748e+00,-3.383325497330380571e-01,8.908093858624723804e-01,5.107510493731350909e-01,-6.637832484221706242e-01
3.432366081664784963e-01,-3.596488371892203606e-01,1.596000643967415700e+00,2.725220699367653099e-01,-1.128179897539957510e+00,6.500971430162687525e-01,4.337099163339724228e+00
-5.909238493293663685e-01,-1.359484987964264757e+00,-1.725552912131753103e-01,1.143648190278606092e-01,5.994775053399588327e-02,-4.164277438815449095e-01,4.909181358432435083e-03
2.394006198201023006e-01,-5.928979999102879095e-01,-8.466232173948506912e-02,-1.420944047019777057e-01,4.210428456476262848e-01,-3.102144640504831963e-01,5.465007273251427655e-01
1.756848122354219166e+00,1.690199774953134726e-01,1.281396204800618666e+00,-1.783866271030671302e-01,2.197416021435733002e-02,-1.325518596714755581e+00,-1.000244233583707842e+00
2.683872961152090619e-01,2.224478021027541386e-01,1.659416142498270297e+00,-1.346845862889791134e-01,-1.630561707640863167e+00,-1.163628840749479365e-01,3.731768755292860895e+00
1.109920501307309904e+00,1.343407051113262529e+00,-7.843119086976524379e-01,-6.194196192197934936e-01,5.810591539430822738e-01,2.244139314476847613e-01,-8.367036600920672029e-01
-9.433485044915519424e-01,1.848118814908310314e+00,7.247854559808982744e-01,-5.137736381849166145e-01,-7.929222732816203489e-01,2.634210143399166038e-01,2.068748814861118834e+00
1.179320846276255441e+00,-1.773871189028952688e-01,-1.818961794371440233e+00,-4.826592067703940891e-01,4.515391751759501582e-01,-2.041982745253805298e-01,6.129068198756071340e-02
1.060495791667455251e-01,-6.429812122267093422e-01,2.328731366662083246e+00,6.019500419753112119e-01,-8.483435740419058568e-01,3.095538460112630119e-01,3.930148214787987371e+00
4.961075333231272921e-01,4.025253788143081102e-01,-1.291322635133951513e+00,1.580281440704658369e+00,7.489075238839368875e-01,-5.281305933558111398e-01,1.589544283397559266e+00
-1.060557679348350657e-01,1.795066630193169033e+00,-6.830512097295485252e-02,2.348327253324778319e+00,9.165437973367124291e-01,1.951151778288088279e+00,4.043764409764023959e+00
3.225586509341838992e-01,5.063311291936039016e-01,1.022446985089990212e+00,2.869434733508471336e-01,-1.643223338667667122e+00,-1.296695522783040788e+00,4.172650055832940019e+00
1.134134082059003790e+00,-5.517428145766388736e-01,4.345804418211513531e-01,5.971657290752725444e-01,9.505618092687542209e-01,1.323540190304006936e+00,1.321763160067879417e+00
-3.289963151781283290e-02,-1.014434398885973865e-01,-7.717853648603667516e-01,3.143043130093928772e-01,-5.080063130924474812e-01,-1.952002669352677300e+00,1.403479122755621589e+00
1.805854575493417435e+00,-1.320889399970884281e-02,9.959898866320602284e-01,-4.781202972272181606e-01,-1.129559067949953977e-01,1.014023307621983783e+00,1.152160822092405112e+00
6.301549887306345799e-01,7.084119303147359270e-01,1.972432007729948200e+00,6.181030677404888429e-01,-1.371687445042578446e+00,1.582981039512595167e+00,6.808230879048990047e+00
1.911206509967741662e-02,-8.898206913764619141e-01,1.351573359980561939e+00,2.939720745974487848e-01,4.015462979528037213e-01,-1.829914646180767823e+00,7.884194867201410606e-02
