5.942358848608255695e-01,7.079901456271124882e-01,1.026390997551265727e+00
7.726883433178994842e-01,4.000410971736467758e-01,7.995417607345318700e-01
1.001776046672109288e-02,8.226924716369075075e-01,1.238092250270799610e+00
6.902888677077292368e-01,7.244662374380343994e-01,8.500157702798282200e-01
3.710374530474636057e-01,1.294267508381143905e-01,1.097996840778480809e+00
7.815876054240897819e-01,4.730146958892983422e-01,1.020522817693101603e+00
4.950566037627296412e-01,1.062789065755869178e-01,1.014458230860610488e+00
2.001573807990354448e-01,4.001933005618566463e-01,8.509239736311355884e-01
7.558139085628849951e-01,7.455934248827088551e-01,1.582178740639357262e+00
6.419345766116482110e-01,3.372224393177701840e-01,1.034355787835331775e+00
5.788562491503707053e-01,2.815903664914242155e-01,9.938179311835816376e-01
6.874163407752792443e-01,1.490419532336972885e-03,6.956961699749731887e-01
2.829697757856799445e-01,5.452567224070058449e-01,1.439855322841047336e+00
1.603069380601198635e-01,8.291332344356170392e-01,1.221175469670266800e+00
2.721224581073856674e-01,5.542117267147030901e-01,6.385126687831952363e-01
2.949831463851053659e-01,8.105515768752989958e-01,1.211730314566439315e+00
4.698488741909803146e-01,4.713742423682508731e-01,1.036788961598640535e+00
1.508001881616873874e-01,9.107862027971724839e-02,1.201467374232562779e+00
5.610217745750822882e-01,4.829599818811112222e-01,1.262191538853058903e+00
7.423341756107288969e-01,2.912385567289068611e-01,9.229828747863590976e-01
1.456889726323362666e-02,2.341525590309929683e-01,1.058838250709605022e+00
7.135133454385782503e-01,6.890573787878045975e-01,1.082212432981249250e+00
4.153859018113115198e-01,5.267414946935906617e-01,1.069183022910113579e+00
8.691179440223764097e-01,1.390667894590635889e-03,9.612686329613809866e-01
5.756105014689749666e-02,1.929792489981818626e-03,7.871669440830967313e-01
4.030602669974348018e-04,5.465286475622178619e-01,1.065154339870071576e+00
1.635201995622648230e-01,2.025359726544084804e-01,7.054897924935318310e-01
3.952395070494493234e-01,8.683419925072367596e-01,1.454424787256175300e+00
1.772917281361938713e-01,5.794370993213786569e-01,8.307746742268018458e-01
8.205546668885334016e-01,8.575702234617060826e-01,1.350234053547445967e+00
7.374361429813488522e-01,5.716461107553504339e-01,1.524567471617273462e+00
1.273979530936465432e-01,2.631739389791583061e-01,1.326105079250134100e+00
5.582642378386215576e-01,5.152770246865113757e-01,1.140780543802806912e+00
1.611072239620324753e-01,6.745339481850420871e-02,1.115363459592195738e+00
1.598182205871210293e-01,6.961539454307510422e-01,1.041194328807847791e+00
2.859095249984744402e-01,8.374512430324609902e-03,7.952091051463240357e-01
1.742776247892577901e-01,4.443577053996294879e-01,8.438921010820782387e-01
6.036086066068271361e-01,7.457895122210966843e-01,1.387781779159672713e+00
9.934887889108673376e-01,1.889274824116312645e-01,1.324131205687239632e+00
2.632240597306056973e-02,7.549127400493271800e-02,7.977970338891466895e-01
1.009480896352635826e-01,1.016637320742364015e-02,5.906575447312729654e-01
3.107511989970255240e-01,8.522802876672598282e-01,1.487737683571034752e+00
7.603647632301300252e-01,4.001118525699114414e-01,1.203121739097678944e+00
5.882451120063172390e-01,6.195252142223517389e-01,1.376944558890650594e+00
1.453212674123295356e-01,9.291547127235182391e-01,1.166106206494664566e+00
6.351390105066090364e-02,5.871305234292165665e-01,1.104240985945579290e+00
9.090861503772580399e-01,9.390772238255626903e-01,1.516990126741652789e+00
3.880944332894223914e-01,3.247455545201997085e-01,8.428476334320117447e-01
7.405137393331335804e-01,6.250569634644684847e-01,1.268470686124630209e+00
9.770558861952881591e-01,7.817008070687014865e-01,1.223028156528133348e+00
4.599908411141714337e-01,7.786941957227677680e-02,1.171314696691128976e+00
7.095270409607743467e-01,5.740536921633853096e-01,8.744783655707479841e-01
2.362382781179475089e-01,1.098372595278938046e-01,8.833315630727328616e-01
2.559899494979308576e-01,4.933030511386783390e-01,1.133117066519915950e+00
2.965027192628951758e-01,6.419445692434887496e-01,1.066298704520475038e+00
4.289146842018253247e-01,6.044952105177249235e-01,1.054432254000197799e+00
6.738190033766393583e-01,2.931091748776558648e-01,1.134020148519903959e+00
5.540701959170712954e-02,3.306206183182001102e-01,7.833812904079167083e-01
3.907226719247306468e-01,9.393292712492903318e-01,1.312495221983856597e+00
3.257329236971866493e-01,1.659469591899922492e-01,6.938097287552107417e-01
7.393505910153019833e-02,6.376247603811623366e-01,1.011448375144769818e+00
1.591275579319728628e-01,8.959670821564984511e-01,1.269392934059891509e+00
4.349572402281506323e-01,6.928818778205686479e-01,1.255161310025672439e+00
5.919909567120036353e-01,6.678276556711469913e-01,1.463064608660128219e+00
5.358255078695950413e-01,5.301785784037477134e-01,1.541635888271134291e+00
6.434760658609081085e-01,7.735810844094325178e-01,1.058887180561798758e+00
7.819654182609663273e-01,8.504149933359581581e-01,1.445546213234210287e+00
3.430918991580852451e-01,9.057874277543904729e-01,1.195990000869660452e+00
6.327691662593926125e-02,8.354810002292206716e-01,1.214394958251072243e+00
2.927396108737355673e-01,5.023223062258322935e-01,9.187070333243769760e-01
5.661817742552892607e-01,4.151867023992048544e-01,1.369338736818506153e+00
9.048340434189883208e-01,1.356266957996720146e-01,1.169415876698449486e+00
2.470615324385239120e-02,8.926684530187991573e-01,1.283010735851262796e+00
8.791358321089912664e-01,5.193927242707959691e-01,9.599199455608805609e-01
6.096834331899549930e-01,7.284958662898166626e-02,8.189298330179496377e-01
9.981504087068564512e-01,7.111301691562402771e-01,1.829778063303047375e+00
5.323404170861305573e-01,6.065785374494347959e-02,5.969257980908180272e-01
2.922578883205396716e-01,7.716450028263034389e-01,1.341559363431000129e+00
6.887398165014843032e-01,3.574727047492606280e-01,1.269525242022490730e+00
1.478905453410569448e-01,5.629750916231558433e-01,1.166716904874280480e+00
9.422220778926397866e-01,9.563573526564652649e-01,1.171998538671177759e+00
9.219343301207165720e-01,1.151702434463510727e-01,1.087732123398521766e+00
9.735255639189039911e-01,9.951654473452649086e-01,1.187671517469995441e+00
3.710378496216437672e-01,6.212673349274603352e-01,8.669666951345509354e-01
6.982100214188096121e-01,6.196026160553186335e-01,1.259206750956665788e+00
8.446177663995890761e-01,6.328098306786866800e-01,1.472914213244935988e+00
7.576393388002566898e-02,3.008676518106052633e-01,8.399207305356154452e-01
6.912191006892346445e-01,8.525913172116176275e-01,1.316479078648663759e+00
7.490464691168245981e-01,5.758058147056854814e-01,1.060863600641843485e+00
7.523588052565773898e-01,3.298339804723982027e-01,1.055006896641676128e+00
1.897175170517192422e-01,3.922011155372321367e-01,8.983698798252588436e-01
1.605497120387909815e-01,6.106248320203008229e-01,1.164762427910197573e+00
9.846401792167523981e-01,8.189453092338765394e-01,1.824037584378894072e+00
1.074228005901943783e-01,3.549300195199813768e-01,1.219237275753930927e+00
7.309666875890927784e-01,5.622177842705363693e-01,1.495111865569309861e+00
2.770547103388011356e-01,9.795033171498739311e-01,1.303130112068666246e+00
5.979330085956019447e-01,5.844147979652152269e-01,1.286685041281729669e+00
1.810952515805910323e-01,8.376638517564208852e-01,1.004562820402933987e+00
2.375425995945525948e-01,5.853004096690084257e-02,9.353524312009748876e-01
9.748456339173541263e-01,6.293356683754194325e-01,1.174507000484436903e+00
9.459963886378811582e-01,7.417807873612076719e-01,1.861452753476250610e+00
9.681014245714871791e-01,3.921707298376053696e-01,1.137639543754911386e+00
8.895458578286268292e-01,2.599099603616018550e-01,1.217182575168126002e+00
2.145429439313693010e-01,2.287073578902110160e-01,5.886887782795893198e-01
3.852098484320983784e-01,1.027319439504539300e-01,9.782234544937850051e-01
5.082245380964375281e-01,5.402214464934012028e-01,1.146519735287857999e+00
3.180421147923592207e-01,8.647763526363688724e-01,1.137235965279914662e+00
8.839064803950388294e-01,4.302533301284950928e-01,9.462151265693694580e-01
6.854115787848592545e-01,4.955404197150495849e-01,9.777407948593863640e-01
7.197336213619068834e-01,8.107045611323160372e-02,1.131511405773709011e+00
7.849265931158200260e-02,1.833285202677369385e-01,9.596522651530238202e-01
2.556178189560767144e-01,8.145897637836789773e-01,1.189106634080879354e+00
6.268739490237216216e-01,4.119097354634034813e-01,7.892725471069899079e-01
4.457918302968784108e-01,3.159213592028861095e-01,6.290322177200320386e-01
4.978803669160146717e-01,2.179413733035058254e-01,8.353576389977781513e-01
7.114733757597591080e-02,7.249486613612948771e-01,1.277584710075352348e+00
5.405007222032415237e-01,8.853938008437677309e-01,1.503733384340373291e+00
8.203692582356640894e-01,9.547003769853704691e-01,1.399340813340531398e+00
5.478101248489524178e-01,2.897769092458171158e-01,6.588915046569612244e-01
9.007560769662543709e-01,1.413774039157389417e-02,9.354716495111798924e-01
3.010306993992895030e-01,9.281375557576488911e-01,1.282660869421587968e+00
3.827660157345219583e-01,8.762038338057182019e-01,1.077938239137022691e+00
3.942794206272400848e-01,8.055471741922056728e-01,1.675094389712102227e+00
9.808021019841850485e-02,7.925665964178432166e-01,1.402742926723576256e+00
7.268919773625206471e-01,9.270615677061000426e-01,1.188831815696596017e+00
7.158320134883978669e-01,8.933987042894372399e-01,1.006900430860139917e+00
5.520162988120520531e-01,6.216906156174708542e-01,1.127286798067158591e+00
2.409623362319427420e-01,5.757243462215547725e-01,1.220448410705403886e+00
2.063652038365195729e-01,8.091355818143110001e-01,1.108147251314954174e+00
4.776440134495096856e-02,4.321461087210274332e-01,8.469738377413085217e-01
7.325981138812701632e-01,7.978063860687527598e-01,1.274810176233465375e+00
8.280505980533375832e-01,6.759199504196847785e-01,1.337079474933637657e+00
7.733866525873872577e-01,9.804695679259325392e-01,1.816816451324444692e+00
6.725413817221584933e-01,6.311322024567667111e-01,1.413833085438755965e+00
2.241138132235218627e-01,4.681173393770845514e-01,1.015794822675785136e+00
2.533678217654955489e-01,9.102132991156562936e-01,1.391819136432138171e+00
6.452329461607552163e-01,5.609185381444464769e-01,1.069468074989458284e+00
5.321550150773846077e-02,8.448323147730694149e-01,1.197459188132308672e+00
5.442680715378473977e-01,6.768749452964128999e-02,1.199047156523678215e+00
8.426247510242197425e-01,8.843483954582213036e-01,1.184833205799590949e+00
9.665479921640368621e-01,9.316096900854063945e-01,1.178702611397036470e+00
6.112548231684244993e-01,1.849685641672927927e-01,1.287451077480074257e+00
5.277595229011847744e-01,9.125010911358001353e-01,9.507103535008070150e-01
2.537934211176655630e-01,3.640642907538148565e-01,9.334546997790063028e-01
4.708461349154725584e-01,5.385984881073515584e-01,1.042032187668782584e+00
5.852357049373252407e-01,6.877218793756615378e-01,1.254850342680125852e+00
1.900685023265780149e-02,5.318293451136839600e-01,9.690148474362556552e-01
4.821923610102807345e-01,1.614321021529876443e-01,1.117019508030249408e+00
4.430099409784489239e-01,9.559682371365740838e-01,1.450364154353153134e+00
9.604416487199652908e-01,1.827549072466496671e-01,9.234603007254063023e-01
5.050744332030079331e-01,4.479524607311690110e-01,8.318280666229266318e-01
1.901037346074848644e-01,7.846642590409275142e-01,9.159890030784498816e-01
9.179263700638320422e-01,8.521371934069379428e-01,1.208569924180901811e+00
5.345406541434583048e-01,1.660201152429288118e-01,1.219753075802722186e+00
6.074875661136294180e-01,8.476110297391017401e-01,1.468105567806625711e+00
2.412498621491590001e-01,1.748980168975727834e-01,8.557088741780828345e-01
6.760263184024336569e-01,8.534467176180942083e-01,1.476897963668794223e+00
4.079622833715280672e-01,9.050000397875308522e-01,1.253341115269910544e+00
6.815960511966484558e-01,8.236181250981494673e-01,1.078132262765333582e+00
7.553700281808065631e-01,7.991341631841222259e-01,1.750209802842597195e+00
2.431533489537518467e-01,7.525089377352633946e-02,1.202889925889000677e+00
3.573221743732052369e-01,8.706193988246602178e-02,9.349877676422734263e-01
5.992264639762491241e-01,6.601238436659984110e-02,7.782574377688753486e-01
5.152085878616023962e-01,9.052404407983518642e-01,1.208507691782767957e+00
2.297953011719141569e-01,4.395382638895931615e-01,9.253442891005581039e-01
4.829044671041314851e-01,2.869928774712363628e-01,1.052793346764697491e+00
6.475135025168879954e-01,9.829635602790498528e-01,1.359366558797887814e+00
5.096263465971992979e-01,4.791822353442346527e-01,1.049296618597896691e+00
2.656476670187122302e-01,3.136601914832098936e-01,1.116556311982451977e+00
5.598500450783385762e-01,2.297930020484003633e-01,9.425459779424090190e-01
8.030199587241648729e-01,4.022982807120967230e-01,9.792781625400794887e-01
4.778762605946061948e-01,1.168869445472208168e-01,9.435287882340132048e-01
7.866676103316120328e-01,4.740927584499980973e-01,1.183595973447151062e+00
9.878608751900830320e-03,2.424963991385353790e-02,9.229962783903189472e-01
3.191003756519987800e-01,5.953936060629640981e-01,9.805621494465454058e-01
5.679649407027898000e-02,9.729508771333853501e-01,1.137683591868894561e+00
6.028859096546336227e-01,8.951399336033180054e-01,1.284187648913124979e+00
2.883116156756428961e-01,2.480999303736638462e-01,1.236768076757734924e+00
5.700953124504071212e-02,3.965850776203387884e-01,9.920608359856462055e-01
8.892175068600316479e-01,3.060340395312862727e-01,9.354838237416578384e-01
5.361738659973174226e-01,2.866937796132146277e-01,1.126639705202183261e+00
3.188786808856869381e-01,7.646861638988954324e-01,9.490992620836975480e-01
8.834841989876401902e-01,5.847207402888869865e-01,1.246573132353061775e+00
1.210846909428697771e-02,6.896375038738451480e-01,1.446715212194180644e+00
6.790743525176285988e-01,1.384178824791563178e-01,7.619669243798404823e-01
8.659423260871277339e-01,1.447173036905570198e-01,1.022160844914521860e+00
2.025976283907174880e-01,7.348502958168082744e-01,1.189700688795068295e+00
1.956919144192992288e-02,1.072045127976027912e-01,9.632873204317575766e-01
2.553129614583927731e-01,5.959273956725987809e-01,1.130191733709698942e+00
7.359577929561331722e-01,8.960331986370441149e-01,1.399721468220999521e+00
4.493078902534460850e-01,9.092576123668379973e-01,1.469762262682229537e+00
3.759412333367933012e-01,9.800658499158674264e-01,1.106682082321655214e+00
7.420800565748123523e-01,1.302024566526711613e-01,1.212510309252825547e+00
6.399854942388686352e-01,1.517567786866996782e-01,1.437971741651836499e+00
7.564510505269212981e-01,4.794819095319413638e-01,1.341618358640090047e+00
5.312092093683260519e-01,6.517095611735703731e-01,1.243293653605402005e+00
7.830154495214241006e-01,7.354030538304023867e-02,1.041064041299673892e+00
7.864866149220661740e-02,4.077176771172292824e-01,8.921512159405756703e-01
1.283249128136363382e-01,4.351150308824859314e-01,1.044490837795450711e+00
8.568713681646732416e-01,1.575747793884617609e-01,6.670137422476931643e-01
9.011288327831306066e-01,1.387668950595627448e-01,1.102793237364618095e+00
7.678545820204214500e-01,9.708628590954295756e-01,1.306137433001349768e+00
4.599452775597436816e-01,5.261952995312206838e-01,1.154227407256122495e+00
6.252785665569152718e-01,5.600178739565374597e-01,1.182792396054869188e+00
8.265506067391003020e-01,7.823611870195070761e-01,1.101290097625064357e+00
3.817766127374452312e-01,6.186148159049428275e-01,1.369728115685252101e+00
2.272094123942369759e-02,3.011245631518355559e-02,8.415849185305485092e-01
2.159938428125146581e-01,8.553628915954458733e-03,7.852728058413509515e-01
9.124657289256163928e-01,9.840968354851321598e-01,1.341308697379770987e+00
7.184103740444254260e-01,1.248201475186158094e-01,1.190736558271138668e+00
4.358484402481710429e-01,2.800280064297228089e-01,1.098875220336528180e+00
6.402020738064393424e-01,1.308821857531339283e-01,1.050229478196073707e+00
7.989634090189501325e-02,2.947106035964486281e-01,8.662331128808444802e-01
6.013427063075892365e-01,9.981489408874326674e-01,9.972558379028759745e-01
5.703198724459124236e-03,2.635990413914190977e-01,9.115255116255928103e-01
5.259277523092493745e-01,2.596969120763031880e-01,1.236433904500951142e+00
5.880304940127190072e-02,5.895543704116168460e-02,7.014386179578935288e-01
8.521473112471273925e-01,6.357507020002189924e-01,9.802628933788704035e-01
9.322805443611489329e-01,1.029761237959215814e-01,1.107034929904431086e+00
4.540487751853230503e-01,7.805537660187122917e-02,1.013521273279184953e+00
1.916863767458594214e-01,5.789423272460089143e-01,1.243902046890320134e+00
3.169338493710622817e-01,4.377018791556761546e-01,8.848318956200240670e-01
4.709957090209926367e-01,2.220840632250947744e-01,1.374520107561432170e+00
6.349919314437736384e-01,6.112702375818712675e-01,1.233880056439252915e+00
2.969816389708459514e-01,3.764896104309506386e-01,1.091970366221427735e+00
5.039395399563079136e-01,4.096161092034996676e-01,1.001738452385825262e+00
9.637945437461437059e-02,7.198734497797972809e-01,1.246449317906315857e+00
9.324065566226459323e-01,5.052921460726698122e-01,1.390195145968835977e+00
2.657923547953092713e-01,4.737517908016563029e-01,8.428407715808294842e-01
9.984386822218125346e-01,9.051489603257830696e-01,1.821621795378772779e+00
9.190946042704081220e-01,9.044520006077472196e-01,1.770821750830638308e+00
2.195457556779802921e-01,8.931115334856853938e-01,9.179744006217726016e-01
6.663821907395472977e-02,7.599322452259513749e-01,8.051341174820141333e-01
7.888299169152009904e-01,3.051585612019108718e-01,1.162292445628712256e+00
5.091831523092453793e-01,3.589709981491896462e-01,7.237482416118520279e-01
7.957145888274322898e-01,1.089881366318381506e-01,1.265781416012664140e+00
6.888308945504856284e-01,2.921001886526197744e-01,6.315575480379091999e-01
1.701708080912389676e-02,2.482250444002268575e-01,9.266736708059373218e-01
4.829920427918686920e-01,4.328381420805496038e-01,1.049569385396914578e+00
4.371518188933170013e-01,8.953635969309767795e-01,1.364306958488972654e+00
8.075387492705821124e-01,6.790222147124159724e-01,1.540931614133408623e+00
8.432250240670113861e-02,8.903888016115353299e-01,1.101486589944989936e+00
8.331706693420678489e-01,1.455265583147083985e-01,7.764859831171617710e-01
7.609705228786739495e-01,5.816421876354511689e-01,9.309340479272905089e-01
3.404328164121445122e-01,5.976782655517564047e-01,9.935740923125124802e-01
7.611475718591003137e-01,3.927503279881476850e-01,7.963174577049678682e-01
5.886566533899010301e-01,1.381244159091734591e-01,1.091545227339381308e+00
6.782627168047106192e-01,8.952486815256675001e-01,1.360578807235169663e+00
2.717355172256957774e-01,9.008059493406419538e-01,1.278336238654171453e+00
5.736905327062072901e-01,7.663652464135696230e-01,1.369101727704751692e+00
6.292496326653645999e-01,3.556175456140518998e-01,1.376968591541298359e+00
2.161173541230054784e-01,7.317031463124141766e-01,1.410156510266284080e+00
4.560433967074186690e-01,4.172540000416674610e-01,9.604821682343611666e-01
6.296902207174299715e-01,4.456481469376060156e-01,1.124858334226584988e+00
2.974825911794782840e-01,6.289432717635481396e-01,1.054813978379633754e+00
6.256332499721408702e-01,8.864748587642709010e-01,1.067510225016964576e+00
6.921881391886944845e-01,7.276454371581895231e-01,1.129079062320543114e+00
7.117286024623437068e-02,9.741539775910385002e-01,9.918812380406750728e-01
1.793494791176357683e-01,5.539933005438724134e-02,1.121389573480516155e+00
9.673047837236755653e-01,2.873625297020151459e-01,1.315937026609914628e+00
8.656449803732563231e-01,1.110511828610527552e-01,8.004812950912403302e-01
8.992227103241982045e-01,1.709795907322763098e-01,1.164860183847415076e+00
8.845052860144845264e-01,5.691999416725580518e-01,1.301083710931813409e+00
2.895464688645086326e-01,7.073609811025569627e-01,9.189367871853026948e-01
1.392008869572692875e-01,8.995690324914199509e-01,1.611989568630638248e+00
1.425615710210936804e-03,4.537446559418193415e-01,1.035243631628362415e+00
8.546589739381555972e-01,8.817612202532243426e-02,5.295851441162158224e-01
7.531824437929646177e-02,5.782898903723341366e-01,1.103564069686672866e+00
5.337783748598132760e-01,6.730443448142281460e-01,1.117732437578577764e+00
9.212954853517841824e-01,9.171432357629878407e-01,1.325154530694226951e+00
1.169436835402536401e-01,4.274938534719636696e-01,7.471280447815080716e-01
6.186034554725237111e-01,4.736663665380107524e-01,7.363636915183036091e-01
9.488075974214701391e-01,2.269439576198311048e-01,1.421310308326590999e+00
7.901614714790603511e-01,9.925208871344088912e-01,1.507208027737751088e+00
3.146072813527436285e-01,7.297440381503979001e-01,9.541007345588825572e-01
5.360257280504474586e-01,5.512470500633948056e-01,9.403894231590037567e-01
1.708291896194595871e-01,9.544675944493306030e-01,9.427484859311174858e-01
6.135520304733788066e-01,4.463630713146377049e-01,1.047302307359070372e+00
3.180071669917124977e-01,6.164202417187292227e-02,8.461338944379156457e-01
1.343685718726839173e-01,4.482015238847757432e-01,1.082032500397039909e+00
9.255313340688954282e-01,5.681866258800215563e-01,1.308796845644108364e+00
4.933469535491044056e-01,8.272739348850932650e-01,1.626849545254240859e+00
7.090366205520186593e-01,2.683646257536952406e-01,8.770721635215313894e-01
3.192861050631925490e-01,8.879832638265233724e-01,1.192540565978099654e+00
8.959341903748997415e-01,6.544477805781490076e-01,1.395909034187871711e+00
6.160114743609577115e-01,1.608603032084666706e-01,1.380704717875636867e+00
9.874545735344347763e-01,3.907624229621331491e-02,1.050129108585303728e+00
5.749883535629681797e-01,7.216180632748119272e-01,1.082216663852045180e+00
8.057663088812847541e-01,4.373880936701078914e-01,1.054677464884548055e+00
2.727486931855183094e-02,3.373657941833660967e-01,8.485108989624908782e-01
2.189672823761892317e-01,5.549261544469741292e-02,1.031041267422424079e+00
6.093406939404508726e-01,3.059401097695318983e-01,1.417602294186739442e+00
9.854978348537407618e-01,6.969691471977609298e-01,1.593197453493705229e+00
1.453383456128529705e-01,4.953778744236224663e-01,8.978953098352668860e-01
1.391259764239013430e-01,2.914697705008197914e-01,8.682114657490573872e-01
1.484611678388787492e-01,1.133188676221633662e-01,1.147617108756260107e+00
5.414606908167545196e-01,5.863272501939629233e-01,1.281217625339298838e+00
9.083472891897008683e-01,8.828965726560300542e-01,1.409079649144057811e+00
9.054584745159430792e-01,7.427581416822262028e-01,1.302793938992215628e+00
5.413329893652496505e-01,8.940463582938958931e-01,1.209873968001371258e+00
9.199128648046476231e-01,7.573534080610068164e-01,1.204465060993807235e+00
2.889397248079105252e-01,2.508682004657198927e-01,7.999222267210608361e-01
8.283046012214042575e-01,3.725829724028831835e-01,9.500759201494478612e-01
4.700390250092889577e-01,8.392694592038784096e-01,1.121350814290699605e+00
9.864738900552244560e-01,3.301019770078634785e-01,1.070211076133950723e+00
6.247787285739954122e-01,2.416313553689911631e-01,8.315606410945567406e-01
4.335767972534881887e-01,2.218767837950211819e-01,9.637912642809001174e-01
1.227787474299949499e-01,7.369496411617332265e-01,1.415837249014725296e+00
7.018517188133756024e-01,9.256923330456829913e-01,1.321136763615669230e+00
4.092746757502337962e-01,5.470370465467638832e-01,1.117501967908200777e+00
5.474413678742628964e-02,7.173408404262036075e-01,9.911777055845801820e-01
2.877567419055204745e-03,2.516134526798634585e-01,1.000069364948893647e+00
5.588316837821234451e-01,8.068412929567537750e-01,1.244922060938678632e+00
7.317683150568849992e-01,4.730777781504785784e-01,1.159154436844697100e+00
1.610109711581875214e-02,2.569517228235069783e-01,1.034895354761830921e+00
7.311480490282803446e-01,3.513454754277410830e-01,1.203095549991135327e+00
4.907099480184633489e-01,3.937202226574028074e-01,8.352300590259036372e-01
7.084163624116635027e-01,2.770880818400125456e-01,9.290576816518996139e-01
1.759539586714543580e-01,3.470344940539251688e-01,1.142907411832195130e+00
7.144849672973982990e-01,2.524519140081795676e-01,7.927686618141913666e-01
3.219232261361866243e-01,4.457016518576341069e-01,1.234883173437598680e+00
2.962764231843980633e-01,6.143543400587370140e-01,1.023083706043083962e+00
2.920000536967490845e-01,9.571453729590414516e-01,1.424981567899446189e+00
9.690091567344685242e-01,3.364584577584277536e-01,9.980460805261772705e-01
4.931105604774939088e-01,8.888634145885249138e-01,1.411174087427878199e+00
2.972482055661092026e-01,4.256056074912335507e-01,8.994412771621705938e-01
1.309253542285181426e-01,8.342408814175646947e-01,1.138488524507908828e+00
9.833231755495828175e-01,4.264648925422297454e-01,1.152959959383098365e+00
2.444454883049791416e-01,3.174375437060833471e-01,8.749947330650713617e-01
6.925818869246506138e-01,8.277232242538644647e-01,1.635084659576597987e+00
8.085440105200889516e-01,1.938650935414600873e-01,1.033170433245319542e+00
9.619116150251576514e-01,9.970930970156933748e-01,1.114366666031850972e+00
6.943228411080902829e-01,1.045662911717468724e-01,7.712355235804809750e-01
1.791626406719817322e-01,2.360955383103277017e-01,1.123787074911768435e+00
8.835696979142665386e-01,8.652118436060102225e-01,1.263224987451836645e+00
1.089106401907999899e-01,6.506164336681128368e-01,1.391687446878157264e+00
4.073089380756635958e-01,2.577577589619066689e-01,9.908786650426009146e-01
8.906201657911154701e-01,3.984713915309051613e-01,1.247444356143615929e+00
9.420043685994676785e-01,5.824332504118001630e-02,1.043652446368697806e+00
2.890513238882921332e-01,2.120010632684560248e-01,5.064512923844040060e-01
6.156478869484549588e-01,9.780429544164337408e-01,1.494424509922479771e+00
7.892184018566048564e-01,8.261570534962459078e-03,1.046092671709406785e+00
5.841266812093945937e-01,1.362907909086573666e-01,1.230388981244396662e+00
4.175504744101279364e-01,2.904942646492845171e-01,1.218306103586310085e+00
2.836377245406032088e-01,4.916707873239249960e-01,1.117226931967170822e+00
3.619421851411775970e-01,5.021653005801555159e-01,1.412832005255296064e+00
2.555058828875443888e-01,8.860533775079287855e-01,1.156772291232038397e+00
4.311966571289072014e-01,8.179019975780077445e-01,1.394228935338515996e+00
6.802499490459060771e-01,1.080656259000437602e-01,1.362579620253374202e+00
4.520042172768343747e-01,8.417101779010891516e-01,1.494033836074223132e+00
7.776443569996625005e-01,3.572316358538019099e-01,6.834963753970171307e-01
4.770673933959325153e-01,9.236010384199211387e-01,1.403558912385139079e+00
9.442915160707843203e-02,7.233069348590903669e-02,1.241823520000412628e+00
6.518649444009974037e-01,1.608545000092898025e-02,6.015726793256286342e-01
2.059635359871898608e-01,8.164404216928107250e-01,1.223600595285231574e+00
8.292429935264561403e-01,8.353128165020418106e-02,9.974243536564518786e-01
4.402814854407818279e-01,3.772687294336243280e-01,1.019961411641484350e+00
8.813606823126285406e-02,2.817343319476961483e-02,6.586070853678879233e-01
7.523563594715254599e-01,5.543671554948494951e-01,1.198430127817813551e+00
6.533161382526315730e-01,1.000432482262683109e-01,1.165246486935884285e+00
5.563353580570803425e-01,7.964289224393938937e-02,5.900202984512395998e-01
4.532461971679063728e-01,8.014046030448402913e-01,1.569837499116563562e+00
9.030607061231454846e-01,7.690448852935900526e-01,1.439439226968482366e+00
1.110087294345829534e-02,6.516077833448250534e-01,1.008218915325224785e+00
4.075682691498728749e-01,8.693034509270062271e-01,1.524522260859515921e+00
7.661919869626790947e-01,2.418850726480781255e-01,9.080036357791200219e-01
3.816544507784471740e-01,3.502157555487461771e-01,9.859144774760949526e-01
6.094512838870753679e-01,7.866325069534991776e-01,1.385268698978490143e+00
2.331753448974560605e-01,1.530415749937337200e-01,6.897775045580669673e-01
4.522552083399257183e-01,3.551418078524677391e-01,1.149049951768265077e+00
8.189518977742477057e-01,5.377885342893142795e-01,9.588394882526602991e-01
2.746094862559833594e-01,2.705929333830947581e-02,1.061452487446137294e+00
4.551997591830730938e-01,2.878080702299963267e-01,7.396356379222176480e-01
9.924142154709024721e-01,2.598225417786370617e-02,9.300119483449827973e-01
3.810892966182191088e-01,5.450978270485856703e-01,1.051700227560500966e+00
4.678275223183282483e-01,3.036255710540151087e-01,8.295679679260724582e-01
8.830365790592999975e-01,2.068322542423965960e-01,1.108821879896616736e+00
9.896376817438855555e-01,7.223900666980725971e-01,1.359246744432776488e+00
4.710208933123682939e-01,1.832852432317436664e-01,1.112088128215137806e+00
6.215006887745425646e-01,6.482874579044128893e-02,9.907357918204475755e-01
5.648456179249610187e-01,7.593760238881805957e-01,1.199866500116337331e+00
1.656535758860172569e-01,2.888937660829939968e-01,1.126380966357743318e+00
1.021554392449691706e-01,2.075346425010969886e-01,1.154681209787483898e+00
3.589296403237315358e-01,7.422937274436945954e-01,1.582945805803396055e+00
5.413858755692801950e-01,9.960044460715768988e-01,1.419747634262465530e+00
4.338207909616970115e-01,5.515644760068044716e-01,1.143547780998287466e+00
5.554156875997240395e-01,8.723906398755559843e-01,1.024709271124683241e+00
6.956425959621634902e-01,8.517870517882009107e-01,1.260473795527129459e+00
8.004882251067148013e-01,8.709179965253442957e-01,1.226283935470738440e+00
9.499823906178773703e-01,6.522505926309339896e-01,1.123818395673444215e+00
9.119662626974234243e-01,3.708289338923800305e-01,1.227494780590632661e+00
2.229323758262453659e-01,8.744083697160884849e-01,1.160967453235431712e+00
4.896450716750169185e-01,7.569459462879132294e-01,1.448598869004434686e+00
4.897194893494537515e-01,7.895502695026336282e-01,1.364360476038139813e+00
7.156449353794471779e-01,2.124895481089152938e-01,6.976235047442815862e-01
4.532912405164335468e-02,4.021636595922786217e-01,9.791556854852891956e-01
6.759845249057773175e-01,7.836355576572741066e-01,1.405024518447826498e+00
4.173623929685297274e-01,3.955875146295629863e-01,1.346264936994971961e+00
5.026558025994145584e-01,3.120329175873547412e-01,1.141706521129805640e+00
5.349789659012132992e-01,5.636363394713631569e-01,1.262863117245279110e+00
1.171312281833638558e-01,9.584240762919473688e-01,9.521795564119185373e-01
4.437098451326202397e-01,5.471977766852187397e-01,1.521170978120661488e+00
8.725695395241311880e-01,4.665922715954314848e-01,1.415052365560920400e+00
5.265302969692664536e-01,2.032043128840244073e-01,9.041769500733071174e-01
2.082814523617615432e-02,3.367466143885833318e-03,7.522915692034292112e-01
9.733185411713565216e-01,9.590676467178167464e-01,1.684858973624033585e+00
4.874045877253970760e-01,8.843819992760215687e-02,1.009082574289910550e+00
4.821382969600753743e-01,7.387957562672262668e-01,9.305066511474645585e-01
2.291029852742165751e-02,7.452826750838331682e-01,1.501473741055938671e+00
7.537054558530752457e-01,8.375388852827181374e-03,7.929312958206078399e-01
6.553932523636762930e-01,9.073696568559975750e-01,1.354709473157260868e+00
5.173979022773125269e-01,7.893096834305862730e-01,1.139246740538561786e+00
4.037208336225334149e-01,8.872921133092436241e-01,1.515465017511518742e+00
3.311066749126421183e-01,6.181907957594341418e-01,1.139390481306743030e+00
5.193719707040271860e-01,5.435459124798381891e-01,1.211681469514878762e+00
5.494557923009258937e-01,4.314226122426485510e-01,1.050587077625693144e+00
5.846356147369730083e-01,9.402320609939484042e-01,1.613866232938112599e+00
8.435330378222298808e-01,7.814882139252345983e-01,1.119830116758749217e+00
6.321716945909616747e-01,3.216840608198984208e-01,1.099082552902927556e+00
5.544330156162686762e-01,9.438837986611376962e-01,1.793651943730585119e+00
8.363970033409515725e-01,5.778750499653603212e-01,9.735794129466219804e-01
9.512261336482208396e-02,1.151224142106267445e-01,5.468020552012683444e-01
7.433530666443850521e-01,3.721638132041579228e-01,1.236084912222202847e+00
6.120442807889446835e-01,3.512278453205048834e-01,1.338353251292052182e+00
1.876329865287310605e-01,4.319713262681891264e-01,9.098922276316545599e-01
5.281859495901020107e-01,4.679226908615657932e-01,1.345751620870770715e+00
6.772453559225116715e-01,4.728275809104420802e-01,1.161745293341670315e+00
9.276126072765853436e-01,5.188763256591493178e-01,1.234602254395914311e+00
6.699609509856176981e-01,5.085271853502716377e-01,1.221026843095866621e+00
7.520981490418421345e-02,4.048262384999764540e-01,8.003306226924866706e-01
2.240715298254725152e-02,8.448566512844724041e-02,1.266263010665359623e+00
7.354040067331263364e-01,5.744348678500232896e-02,1.332942385714158018e+00
8.435623189018615076e-01,2.750314084201843645e-02,8.376817495857793450e-01
1.447602777663189455e-01,4.915366640499504447e-01,1.234726617901708901e+00
1.606912416632875207e-01,7.329587765848921688e-02,8.194753070517949434e-01
7.934525807353092208e-01,1.381736016217884888e-01,1.507717119801315953e+00
2.828291015351765969e-01,4.665709811332752199e-01,1.323014930265644429e+00
7.973477755263805866e-01,2.124499359071314597e-01,1.211180131532425097e+00
9.804341471846946821e-01,8.623422674555131229e-01,1.326162883789498537e+00
8.168320788238987440e-01,1.281122265818258610e-01,1.241778578051360160e+00
4.281294424097774609e-01,8.765904063714391459e-01,8.826831636745394727e-01
6.951751617692841778e-01,2.309066000503258165e-01,1.142469702449710134e+00
9.945246266030038917e-01,1.201629876881360470e-01,1.256190218181971519e+00
5.333067595201568256e-01,1.462758748455192936e-01,1.170748203972994173e+00
3.564016602259866273e-01,9.574297816602979072e-01,1.204193649087077045e+00
7.534387147896595138e-01,4.281570561351631943e-01,8.796116522427344098e-01
6.962596310909677788e-01,1.735700634519167229e-01,1.076873172079547913e+00
4.403682314687163979e-01,3.384725883029129356e-01,1.358584007178468056e+00
2.527793560997428912e-01,8.863826105331256144e-01,1.166291497018898227e+00
2.184708309029881335e-02,6.512765546132418537e-01,1.047030351903700307e+00
1.142178609548913926e-01,5.613505205087822025e-01,1.079784523704674815e+00
9.560585888997263915e-01,5.529070118424634916e-01,1.071056500640288789e+00
5.013958820094904789e-01,5.892173950836254726e-02,9.036428197603734169e-01
6.420132737429593561e-01,3.385039806772152104e-01,6.138303141367205118e-01
4.171362896638511897e-01,2.357395012476187768e-01,9.240426208208920578e-01
7.111628917517837101e-01,7.832680528815295640e-01,1.234571339324646910e+00
4.533299278541920163e-01,4.004493917228627575e-01,1.227810307841705084e+00
4.433526793103238495e-01,2.811610827786993339e-01,8.338973222243838412e-01
5.448153063368045279e-01,5.211585588408155223e-01,1.454167031488006190e+00
8.250267114859156647e-01,8.814827589856106815e-01,1.417750929955620354e+00
6.497727611873482800e-02,5.814398724974555455e-01,1.067152806898905348e+00
6.408382752459085285e-01,6.521087626465067455e-01,1.292985226368296159e+00
1.296641999627744513e-01,4.377227930375916509e-01,1.264967000792547314e+00
3.652623348615974264e-01,2.816737889309411935e-01,1.100900316579042082e+00
5.496940278647663991e-01,6.543361329904440193e-02,1.243341284007382752e+00
5.612744725904321719e-01,4.541089238934179484e-01,1.247773518464769804e+00
6.584127944654687425e-01,2.182170244757045685e-01,1.114138146497041237e+00
4.598833672329427635e-02,7.723332280505370573e-01,1.343029462047930167e+00
2.749673157449794569e-01,2.929236055991882859e-01,8.098367325088539070e-01
8.323195632137795341e-01,8.723072857622760079e-01,1.078035444594840353e+00
2.098849615662335966e-01,8.019115368118113762e-01,1.306923879605845773e+00
2.082878389041986633e-02,3.686453872882365923e-01,1.217930670580442909e+00
2.282338572211677352e-01,1.546871581179708466e-01,8.038738309814144056e-01
6.563312718148168745e-01,3.091088429876753807e-01,1.185101138981594415e+00
5.352608853723147542e-01,4.085402281202821229e-02,8.991955543816240182e-01
4.060786093078014858e-01,3.109944768613048804e-01,9.349981964358985431e-01
2.665650589661967551e-01,7.801035715628540368e-01,1.151528995682607137e+00
5.141917394372306216e-01,4.683161438650577102e-01,1.216996595672517500e+00
7.354627762631749111e-01,9.029916746024924112e-01,1.611205262086410794e+00
5.735172187579911096e-01,6.901452174022044694e-01,1.153041853447691611e+00
3.321747071028100518e-01,5.010800933735715113e-01,9.327120680437502864e-01
1.676963869939970264e-01,9.279769264669759377e-01,1.021386300449281581e+00
2.716809493403946618e-01,5.436197466488263963e-01,1.104862473115827859e+00
2.695669342895288256e-01,5.649144169538431459e-01,8.784686126309406706e-01
6.957543938783797843e-01,3.955570632547045218e-01,1.179971790258683262e+00
8.637076117916802076e-01,8.454135237372895073e-01,1.564709514341445562e+00
2.983421505341132818e-01,4.610495948213564343e-01,1.179179364789087359e+00
2.693373676108550274e-01,2.903100933894229296e-01,1.062099466119535540e+00
3.474348796482328305e-01,2.784050517221681176e-02,7.632737625628328582e-01
2.572941348985514631e-01,7.557713612834258132e-01,1.371052142243673000e+00
3.597944414179929939e-01,8.328079897803810638e-01,1.283479845783096263e+00
3.060875864791079426e-02,2.677560921619694945e-01,5.536324503970349031e-01
3.097425319634677932e-01,9.818816408537185403e-01,1.261652104909952277e+00
3.805075569569529303e-01,4.913464037646965155e-01,9.244438664716618792e-01
1.112258978801341502e-01,6.725860806612071752e-01,1.107366451311974531e+00
8.375633417048445883e-01,6.566680555026329635e-01,1.340124275294477307e+00
3.443705513497140602e-01,7.758502128918056684e-01,1.206724679520294385e+00
5.825416388448655391e-01,2.912378871896356136e-01,8.969782342480808746e-01
7.808095592747199554e-02,5.544444594507853541e-01,7.950727439219003045e-01
8.072145733627351660e-01,4.295443576962374443e-01,9.245052391362682531e-01
9.054472791448809899e-01,1.808865890947617405e-01,1.179234602202154258e+00
8.216768414113330143e-01,6.988686970861230918e-01,1.234819597788427759e+00
8.343204817697916775e-01,6.932127222910096087e-01,1.405764357443344714e+00
5.573257908565714125e-01,7.327735174304640386e-01,1.445404279627566790e+00
7.855040897348589679e-01,3.491881704604004044e-01,7.700307415057170424e-01
9.168770869738644969e-01,1.177310111111995461e-03,8.109826297971521880e-01
4.042818151209705002e-01,2.104101960987863063e-01,8.703386281867333540e-01
1.936685803091957592e-01,2.966261391203262043e-01,9.509426594560681512e-01
5.498315609004815752e-01,2.904084221333615989e-01,1.061318970113947158e+00
5.359086791575675690e-01,8.556018401860266964e-01,1.539948610684612973e+00
8.258979101301329173e-01,9.350990530021541236e-02,1.101500610252652113e+00
2.458711644967640497e-01,4.137267368111809951e-01,1.179395420364669045e+00
7.722164297872912142e-01,2.432457183168755810e-01,1.169667338204224416e+00
9.979156035194692853e-01,4.091591153350815357e-01,8.583851585580992705e-01
4.146992356143267555e-01,5.568844206664652630e-01,1.145289515236314726e+00
8.794044755985548356e-01,4.296617442736209158e-01,1.078529630364919889e+00
2.744884493148689319e-01,2.102621763191035997e-01,7.873069853550015429e-01
4.868912969594033635e-01,9.745134710241104559e-01,1.368093154750748441e+00
7.678648817750127753e-01,4.385330053575080544e-01,4.383867245004371416e-01
8.915636842623101410e-01,2.130640560685101992e-01,1.073899189681960964e+00
3.824880646296437980e-01,5.558737610830425391e-01,1.606633729476431904e+00
4.486629467133954607e-01,9.678894059326133004e-01,1.260496138455327486e+00
7.971603211863866889e-01,6.034912319367132794e-01,1.389863896312011349e+00
7.998745699438322143e-01,7.386719611434450217e-01,1.456398832961631529e+00
5.980887905411470529e-01,4.400857893653475905e-01,9.878876090237732610e-01
2.075795845078652890e-01,3.784399698304918847e-01,8.394589147008542085e-01
3.852089791157450316e-01,6.180960521937125529e-01,1.198895907904022007e+00
8.294221669879976444e-01,7.440609132106331680e-01,1.163209047862214573e+00
3.361379186868385105e-02,3.959205728847035033e-01,9.635280331430862155e-01
1.342236059567767370e-01,4.532722608817891796e-01,1.360694721603239232e+00
8.511288733631142689e-01,5.541293812765779592e-02,1.166584297548900251e+00
2.245705452650517131e-01,4.448046734617384645e-01,1.137270192506447231e+00
2.843429794338645511e-01,2.477260200062786355e-01,7.045564439865350526e-01
3.679522752671758878e-01,4.063583373831780587e-01,5.569615622553718559e-01
5.367053488594794031e-01,3.043986035620572794e-01,1.165204256661670490e+00
3.833260051892430909e-01,6.263064880648997468e-01,1.420960963266982846e+00
9.793680780675773079e-02,2.485611070705475711e-01,1.077851898716887691e+00
5.720210680940601700e-01,6.610548536375260298e-01,1.473279704375608068e+00
2.245897479374079353e-01,5.323164439207724863e-01,9.125531589162589885e-01
9.128511494158931816e-01,4.263723836047496052e-01,1.100512659968452933e+00
4.421237632072494428e-01,3.615752791105225628e-01,1.081142972577371353e+00
5.655610511823404574e-01,1.503861002517342671e-01,1.278650347639923801e+00
7.862388077814619347e-01,6.617096490495334438e-01,1.467821385504644027e+00
9.663858397746365458e-01,7.277347752150410409e-01,1.191480497466944621e+00
1.844792599466129612e-01,1.015989054547272730e-01,1.430783694180198573e+00
2.112196628737524895e-01,3.754334906991056986e-01,1.261817089308094220e+00
7.127734956816088596e-01,1.469755959150808033e-01,8.902026130575286800e-01
8.910890560506478097e-01,9.645463891464750583e-01,1.478672082787991560e+00
1.654243233932742863e-01,9.061932500360864173e-01,1.223436521150508272e+00
1.004006933236263333e-01,8.426895089329514699e-01,1.274003078312319293e+00
2.150409957826049379e-02,4.663095157248963174e-01,1.036137435693065267e+00
6.024149459070661239e-01,3.296028530773540410e-01,9.103725397742298275e-01
7.372303896318326277e-01,2.876453224880832771e-01,9.587444320054221425e-01
3.031498152381494338e-01,7.931143973401787450e-01,1.175076360698219746e+00
6.232898726166304915e-01,6.559147130031466322e-01,1.353012207475809081e+00
8.224046967190531410e-01,7.113301218464779252e-01,1.370283374193023818e+00
3.381623118291922081e-01,2.270996621435786844e-01,1.226982161741954069e+00
8.375638070166480098e-02,2.190911215123203526e-02,6.077163011742938714e-01
6.400054276415174659e-01,8.069415147117700027e-01,1.372615001248397304e+00
7.667565898917453326e-01,7.630102968807025432e-01,1.215092520983921842e+00
6.377781104085651354e-01,3.308807126377487640e-01,1.338032672112892563e+00
1.870024403699517279e-01,9.027180584044405265e-01,1.367643951033618688e+00
2.914277921194374787e-01,8.086915131983696270e-01,1.518162544142849457e+00
9.759585783592655828e-01,2.915923988527827637e-01,1.071053726501758563e+00
3.114411529768054132e-01,1.751704198013205316e-01,7.282359303270345974e-01
5.443138249738501688e-01,8.392205846310946127e-01,1.151309590508325043e+00
1.176004804174948237e-01,9.054789569007110073e-01,1.334190110279198205e+00
3.949935044070976842e-01,5.295610711154644656e-01,1.404430513404918646e+00
8.901503048394336925e-01,7.085317944549922586e-01,1.287506807711609413e+00
6.867609118036794857e-01,2.758524351443498723e-01,9.662862536490158805e-01
1.477971994080273799e-02,8.385854930406140273e-01,1.157424073352254279e+00
1.958144619843639189e-01,4.628004968151490095e-01,1.090437432880352553e+00
1.357039006223159650e-02,3.575617173593533815e-01,1.087040635597839922e+00
2.443742310760386172e-01,6.379804457835503984e-01,1.258429490177152887e+00
8.258491230985968157e-01,2.496441398296184166e-01,1.050840843278327164e+00
4.018384988718434192e-01,8.254299042468600245e-01,1.058113881853080418e+00
8.592883752085815896e-01,7.806621781769671475e-01,1.506673183631703994e+00
3.233032645245770276e-03,2.352079028354125967e-02,8.586135424084803125e-01
4.910539265635484041e-01,6.997303690452529867e-01,1.608269562507138373e+00
5.036259021125905067e-01,8.775871358557285618e-04,1.052753252162669906e+00
8.599805557164065251e-01,6.858882090186824154e-02,7.608144256700766217e-01
8.501997972198324094e-01,9.793160645118104135e-01,1.467706338710351943e+00
7.280401266600334820e-01,4.103140512856184863e-02,9.978158951319222592e-01
1.682471387159326648e-01,2.023439778219562335e-01,6.994151809090495275e-01
7.598494182495632021e-01,1.821298061984899519e-02,8.751031018574879639e-01
9.373523090037700900e-01,9.305387793083279568e-01,1.300760837939497261e+00
6.456435366510303586e-01,2.653864168967112747e-02,6.470823400032867934e-01
5.441597179305959209e-01,1.044837723005379582e-01,7.189616871646007379e-01
3.362141078075145950e-01,9.418246947270367819e-01,1.255334894126922674e+00
3.079974148419495350e-02,9.280063832363836251e-01,9.952215733557483457e-01
8.584138761728786760e-01,1.330431072377367130e-01,8.126559959450010417e-01
2.420552800541780902e-01,6.018675905576402752e-01,1.176673978875587778e+00
9.218463817411221006e-01,6.821888795753783263e-01,1.428246100905450788e+00
7.190454005827436879e-01,8.623943784249468170e-01,1.273180030185390832e+00
5.491515139373556176e-01,7.468833275568030894e-01,1.253546419293366965e+00
1.750748340161386585e-01,1.475340753526088733e-02,9.529392770112252720e-01
8.129081267236570874e-02,2.378577824321338463e-01,9.439417024320208016e-01
9.443009604229534171e-01,8.175179489917387965e-01,1.156439935949594933e+00
9.824499386830947145e-01,2.905918338698103565e-01,1.124877764279433423e+00
6.519370250378726528e-01,8.077501789660190834e-01,1.262967555856474577e+00
2.060757953047341884e-01,2.900620404582805456e-01,8.766402757504436760e-01
3.883828783693870079e-01,3.734775943976132995e-01,1.314615250887627429e+00
9.458628198468713721e-01,6.383208599853986698e-01,1.229660697159050686e+00
9.808939178993646424e-01,8.767169688218963142e-01,1.551754737496437775e+00
7.581848990159066881e-01,4.291499290999142291e-01,1.273465576578070024e+00
6.838517998729487513e-02,6.604423466626569983e-01,8.780893391246090696e-01
2.575594430965733039e-02,3.202940575136490331e-01,1.061485275531910188e+00
9.395668118679831871e-01,1.967999695694362394e-01,9.408883468946918072e-01
9.954052033594517068e-01,4.733687068844322221e-01,1.306888230415564456e+00
3.102608625011233912e-01,7.575396849076513339e-01,9.164549873029463889e-01
6.619837554659001588e-01,8.349323321413646415e-01,1.355782900977823502e+00
5.680288472166242775e-01,9.287272855022604690e-01,1.088723355866488163e+00
8.170489274594187057e-01,3.267094261284869683e-01,1.384825014933332987e+00
3.406594553676495218e-01,7.881956512201571119e-01,1.252167988204047733e+00
6.677931349665122696e-02,4.515686114279934271e-01,8.978655169159477367e-01
6.017502201632627390e-01,7.486174118598911686e-01,1.153582592828191533e+00
3.482923684540406573e-02,6.369243522530194657e-01,8.479663891195180492e-01
8.413703586626031239e-01,6.059463021212796452e-02,1.502521943384032665e+00
1.781669064001519809e-01,2.894779697483909064e-01,8.307726577868963513e-01
4.072896498341487259e-01,4.626206859471422295e-01,1.132286569518318187e+00
6.662557167800898794e-01,3.747371388878029119e-01,8.529834529063380355e-01
2.048484459853129325e-01,6.401898452294029207e-01,1.181823379624819648e+00
1.014230308135445346e-01,4.631719701025995839e-01,1.017897474302022598e+00
6.877332324776966876e-01,6.282972761079798074e-01,1.000971569111245962e+00
5.405511167796731575e-01,8.890358244172272828e-01,1.374056346104559623e+00
7.444377030068670686e-01,8.813750500830261903e-01,1.288201085873030616e+00
8.594960205755356464e-01,6.317318779758884784e-01,1.393707758438405220e+00
9.498595175893207454e-01,4.142070716775992922e-01,1.587608408115565251e+00
4.725332804160686795e-01,5.387898198658838123e-01,1.048368617404561443e+00
6.516216641557419642e-01,4.643638557372310460e-01,1.364931846598646192e+00
4.157050180445931442e-02,1.796920023166728164e-01,8.524962751554026053e-01
1.448548509939364681e-01,6.305729322072123333e-01,1.283008993036190315e+00
5.245688098855872949e-01,8.406073441305083049e-01,1.149340418341901593e+00
6.261038381885436488e-01,9.432868168089686423e-01,1.609099771251084832e+00
8.492662939308132097e-01,8.069159128465323016e-01,1.673807769857250438e+00
1.703845172230999960e-02,8.972130862585451228e-01,1.728516938301500883e+00
1.893189841804814311e-01,6.502958729408444549e-01,1.138366561380869113e+00
4.583845526343917065e-01,9.489638763966814494e-01,1.436979256884043821e+00
1.392239930642202861e-01,3.570239024210408729e-02,1.004644061235079766e+00
4.108017351063186773e-01,2.084333413306628247e-01,8.816089898352662546e-01
1.970367940399651019e-01,2.589679205081594215e-01,7.369178678625949441e-01
7.918799177030687586e-01,3.610742594566287433e-01,7.344395607833603679e-01
4.873762407129066387e-01,8.019622983486653922e-01,9.453412835443271156e-01
7.140868868574785644e-01,1.198098037848871478e-02,9.907438571852180687e-01
5.111697711856055815e-02,5.446447296815906114e-01,1.120509154117801387e+00
6.312745911622730244e-01,4.487914887064505809e-01,1.225772675583947535e+00
2.190060146470933500e-01,1.984740888869624964e-01,8.401981321934552938e-01
1.406386513236548286e-01,7.063790088311929782e-01,1.311610594007952990e+00
2.176537255860254705e-01,8.822855460015640583e-01,1.233423443313773182e+00
3.734874825735291504e-01,5.681878583997860277e-01,1.552746619035753284e+00
9.193687849904338405e-01,7.334819630824379599e-01,1.599140502387454976e+00
9.442012249119590139e-01,5.581567327754201058e-01,1.184262770371736551e+00
8.070343083399853512e-01,3.990853566107296357e-01,1.237472131047100410e+00
1.642433572106075657e-01,4.359346797755078162e-01,9.619431057343112990e-01
9.890827839655579323e-01,6.819537215695407051e-01,1.407263347470842474e+00
1.929827963040612326e-01,8.969402602265607038e-01,1.259386574404382619e+00
9.567530686839705867e-01,8.100015488787382090e-02,1.248185342278347765e+00
7.594706108915173504e-01,6.350857433331063007e-01,1.194946200025691851e+00
4.961460310518435168e-01,9.236171719282471049e-02,1.437297244344040603e+00
2.907156493321664259e-01,3.564873907187537938e-01,6.712714090186685523e-01
6.574919210979546236e-02,1.657453050146946438e-01,7.379435609131285156e-01
6.353407340813114201e-01,8.051375376586177302e-01,1.377800535232074575e+00
2.033260245292711765e-02,2.339352474350364641e-02,6.378288060310425278e-01
4.169797494043125941e-02,7.591746030139020496e-01,1.129147167771429539e+00
4.154432353449416526e-01,5.013591774824266434e-01,1.100735779422864047e+00
8.923665717387134766e-01,2.380385448878263865e-01,1.341464285972772785e+00
4.924679187595746299e-01,4.015644963147216862e-01,6.618109959504137052e-01
5.584763251537060436e-01,4.002004173226458850e-02,1.054572679745899855e+00
5.830167747205771134e-01,1.587008581137356877e-01,1.065935448182164569e+00
1.394815689139751180e-01,7.119802666716097406e-01,1.119966116810062529e+00
3.274609193747133329e-01,1.894107963752234003e-01,9.198801075079554579e-01
2.680862256877150074e-01,4.792076990706164441e-01,9.551486189305051777e-01
8.350191092653924674e-02,3.002847372725943043e-01,1.221603425739980153e+00
4.594632547685197910e-01,2.960251615699955874e-01,9.391306694194730964e-01
8.887963545422818967e-01,1.914506436045098070e-01,1.458128373478056572e+00
7.844100353200365028e-01,2.359451146482819395e-01,1.086837703569523583e+00
4.149966332982347739e-01,2.046999229844586043e-01,9.091954952470663320e-01
4.153361590087043531e-01,3.896353758089409203e-01,9.144660706626046576e-01
3.200036688912729632e-01,2.254460483156522921e-01,9.699487991240725027e-01
5.802980744385892731e-01,4.158106610399359138e-01,1.551453181877952892e+00
4.731604497352148719e-02,5.075132446083774340e-02,6.444625782168309502e-01
5.448434397863022305e-02,7.350875772521292539e-02,1.028025071983602823e+00
7.446210166664525287e-01,1.514555899471866640e-01,9.457859253112931297e-01
7.529533590003357757e-01,5.986070004044519166e-02,1.090045123119744330e+00
2.312186452357370969e-01,9.932124330051269601e-01,1.415702942001876963e+00
9.383701040051040110e-03,7.623548389657339719e-01,9.344882993590833964e-01
2.057722388613421050e-01,3.483671921372886171e-01,1.264795313439472713e+00
6.111000900743809305e-01,2.663576965346663439e-01,8.624249142412171443e-01
9.782403525242644449e-02,7.924318371151382046e-01,1.412629777287987443e+00
6.667863203586456011e-01,3.917023210787221599e-01,1.381048835599677949e+00
1.288012957363000588e-01,2.207955412865135747e-01,7.135593681885527007e-01
2.031149708228572326e-01,6.744104323928712397e-01,9.859223416373460447e-01
8.609993832042976969e-01,8.137349731848679824e-01,1.693545542066126286e+00
7.342718572147463041e-01,6.514188927900262938e-01,1.145881730267622967e+00
2.041828022431602108e-01,7.036134121091608407e-03,8.439147399641108160e-01
1.648280561852220050e-01,7.811744787644339105e-01,1.120811042467208640e+00
4.651782931229418994e-01,9.329711135586234994e-01,1.126661909430556108e+00
4.253201211268426984e-01,9.982106209822578791e-01,1.710424192840860780e+00
5.496752452710369496e-01,2.446183502610209670e-01,1.011168891482352894e+00
5.403758820636052063e-01,6.283974909380724005e-01,1.049133294503008962e+00
5.041556330498884186e-01,6.312107637053300246e-01,8.502657626439024119e-01
7.253575275968988656e-01,7.976637155919386046e-02,9.206073253651155808e-01
4.351372308217860141e-02,1.102511712353838602e-01,5.342624530254166393e-01
4.437561903893987303e-01,5.249574635347468154e-01,1.319006588061897300e+00
4.528340395465658696e-01,5.755120940646996086e-02,9.636340331316780583e-01
1.163799832875969109e-01,9.606775582594341278e-01,1.135066063830364014e+00
4.089465544908100769e-01,5.193508234689998559e-01,1.437867264788175836e+00
2.417753495954695353e-01,8.608232418142245379e-01,1.246062491535205652e+00
6.861396237769019635e-01,2.188820367205676076e-01,1.054160898047910022e+00
5.791396537342948792e-01,5.088175891625411618e-01,1.480197860659004050e+00
3.072806064302625595e-01,2.721083676344715485e-04,5.457845461540724585e-01
4.741871717614222215e-01,8.526858489764993498e-01,1.114725022173222335e+00
4.887088166194984984e-01,6.306271468641639899e-01,1.056729350714518345e+00
3.909460706316123524e-01,1.166106090678679097e-01,9.298864622875285812e-01
8.143855740723811021e-01,9.191711005537290813e-01,1.334419946853665273e+00
3.495208574131273283e-01,2.772824898379178116e-02,1.320393802624329371e+00
5.781102009794198970e-01,3.861204995279948760e-01,1.218707642591483120e+00
8.747719702501508543e-01,3.411771102779533882e-01,1.231314453330702552e+00
2.501040595710757319e-01,7.874962774568547985e-01,1.130317561771825075e+00
5.539020916702618313e-01,3.148506682970280135e-01,1.443391494044444556e+00
4.580308713735813386e-01,6.487781421406998428e-01,1.128933569777166745e+00
4.738616428055985041e-01,6.472995317381785574e-01,1.200710326667565164e+00
5.072120562724242721e-01,3.825293816476926789e-02,9.429567086127869091e-01
2.150294778826588038e-01,5.284839890286896491e-01,1.277265023849304182e+00
8.250037238583086685e-01,7.660516141399054124e-02,6.452547505875843026e-01
5.621983449803449329e-01,5.583850161363701492e-01,1.052977992288195885e+00
4.706652536839860401e-01,2.899680532328924309e-01,8.170736309749566662e-01
1.494658043615606502e-01,2.488526604452623303e-01,1.089790366738417893e+00
1.923640235311561142e-01,2.172398308014661383e-01,1.099719307335492724e+00
9.343184780029497594e-01,3.563661134123707885e-01,9.499183598381901739e-01
9.124348725347325439e-01,1.008168232881787585e-01,1.157950954217258577e+00
1.013928617844358504e-01,8.370677361612838263e-01,1.075856482832810768e+00
9.665570193463474125e-01,7.059242624469607152e-01,1.390209235088154083e+00
6.141944680218506258e-01,3.252792833189217525e-01,1.180380077653335746e+00
6.707803975961290632e-02,5.541404784585457488e-02,6.411163221373462617e-01
8.765843440383116469e-01,1.363041058845726461e-01,1.257183913816761089e+00
8.194224585419557227e-01,9.142785348755333441e-01,1.729185410008710289e+00
8.644440599053436758e-01,3.212814139893659382e-01,9.482111364127711051e-01
5.184597755556704657e-01,1.873521847168158061e-02,7.742970561402275909e-01
6.167415178173575319e-01,2.002037570975196967e-01,6.924367363543474374e-01
7.967421224649762213e-01,9.989289984699312175e-01,1.555605044249118940e+00
2.106118596256669750e-01,8.924283181321961411e-01,1.357493747442951149e+00
8.161150176412355073e-01,6.358604899750697204e-02,1.077408960604842258e+00
7.418144248648206318e-02,1.315228195148006041e-01,7.408428823004855612e-01
5.026157594329777600e-01,6.973197082130628832e-01,1.134790349758199701e+00
3.953254977299739403e-01,5.213003510444467192e-01,9.971853578038935018e-01
5.759347651190888095e-01,8.741532116467822799e-01,1.382214186913621301e+00
9.103293349776110377e-01,8.639106490865191557e-01,1.318095104753111091e+00
5.007209803605028320e-03,7.894290772162341208e-01,1.088613467251878575e+00
6.725742697816803339e-01,1.600654899741612569e-01,8.522148917892977682e-01
3.091299889737731954e-01,8.477340866826638122e-01,1.143892889894190468e+00
4.486334317723916776e-02,7.041288445565000442e-01,1.123643416392596128e+00
3.350547739723438445e-01,2.070001488801727074e-01,9.723377558619394900e-01
9.099788637800858560e-01,8.298867188804549544e-01,1.278707225249988477e+00
5.586910428844157339e-01,9.321102056449340756e-01,1.455998617244448123e+00
9.084778184567603443e-01,6.665034498951749597e-01,9.297736458189116426e-01
6.196458223746527105e-01,4.653567881768871928e-01,1.022005488265459228e+00
6.134300892765292001e-01,5.018219670025286794e-01,9.379204114630299571e-01
8.708459731767692613e-01,5.697216436575163190e-01,1.518508965079520268e+00
7.757789678519317889e-01,7.231483110336229814e-01,1.344514041932540760e+00
2.112391768496397759e-01,2.230920429290178530e-01,9.764070682428860337e-01
5.396491105174678893e-01,1.447894935061703192e-01,7.692140097621222861e-01
2.789529009927906866e-01,1.114065878702508172e-02,8.482815685477851364e-01
1.649789153145331255e-01,4.633363430224132218e-01,1.179185215499628070e+00
5.121239792942887670e-01,4.256643074627495249e-01,1.192754287221254206e+00
4.742545415057837221e-01,3.967441431902153370e-01,1.128820781074036494e+00
4.188258688469842506e-01,5.854272346406962368e-01,1.153602244634325036e+00
4.080554971722526458e-01,4.164267493662244801e-01,9.062182016242033011e-01
4.791052909840612939e-01,8.450626080852252642e-01,1.388107497529604606e+00
4.032854421487704899e-01,6.164053619473981449e-01,1.455021378703037493e+00
3.712043284298112145e-01,2.560883430206053468e-01,1.080964329687738035e+00
9.226359247384596785e-01,8.451634326971230182e-01,1.350140485045010941e+00
6.571504973116972792e-01,9.188371730472327803e-01,1.375653818985742349e+00
1.352122324820885790e-01,3.636060768136601951e-01,1.212089748906539199e+00
5.829598042835637539e-02,5.891043182648989518e-01,1.074591461309170271e+00
7.102901695454693076e-01,8.424883963750805504e-01,1.261965152424427083e+00
2.931465003451048101e-01,8.639381957669329815e-01,1.209736745584530038e+00
9.551448121383425693e-01,7.396420702654382673e-01,1.397992975462130971e+00
3.414121734102020245e-01,6.776690655876453917e-01,1.123784610419371166e+00
9.591000831890863498e-01,5.745315150171741436e-01,1.115251618198437988e+00
1.808623980851381541e-01,3.939864684719617260e-01,1.032297056395426571e+00
4.281317896315447458e-01,5.089711052469748642e-01,1.194310530804735260e+00
1.816858115899555592e-01,6.875777812962735602e-01,8.688176210009133094e-01
8.697462703054552602e-01,2.055996573818874573e-01,1.340437176959411669e+00
9.193186491359335299e-01,8.496359576851028050e-01,1.433245401883532111e+00
2.121565086499780373e-01,1.271219778934322697e-01,7.857612364278923067e-01
5.697091951954996736e-01,6.027181385085567111e-02,7.770878427945667744e-01
2.190165227454392571e-01,9.367461295411119160e-01,1.175983415061391923e+00
6.687750694267197149e-01,6.682193187001306267e-01,1.503902154595226248e+00
8.317512819797040491e-01,7.671912045216731091e-01,1.525751718741201302e+00
7.598902490286039146e-01,6.310544052817043115e-01,1.302956929295024269e+00
2.667120900407836670e-01,6.839099550130528504e-01,1.006642047093776249e+00
7.146469218367254017e-01,7.998345944818407993e-03,1.018066499322166196e+00
4.792986923951244593e-01,2.261473914934201135e-01,1.416951689939134118e+00
4.245278194180475140e-01,1.396235218166048675e-01,6.977043930584641007e-01
2.157537139501412016e-01,4.050511504924446671e-01,7.858518985336842011e-01
9.963996651222485346e-01,7.593514628773243569e-01,8.962278994197003801e-01
9.746388142828044110e-02,8.906841530099930404e-01,1.045031338790107789e+00
9.721743880730782106e-01,1.180436392177527383e-01,1.075729320802340849e+00
2.076664491341720931e-01,3.046282416190959630e-01,1.000243889056513957e+00
1.624308073643900840e-01,6.063921024034716334e-01,1.009146056225185717e+00
6.962272895896186586e-01,5.307568312769851415e-01,1.099257560525848776e+00
1.896520637872568527e-01,2.850929143404535848e-01,1.436236591382365368e+00
6.633723803715146916e-01,5.232479999636530099e-01,1.077000001629856429e+00
6.925336775978551129e-01,1.254111259528026823e-01,8.860686475894959946e-01
3.307915260366428578e-01,2.520156642430830818e-01,1.005885276672617179e+00
8.439016808088679600e-01,8.676350665625063296e-01,1.405839330717181035e+00
6.259086818509208561e-01,7.054291162137629190e-01,1.417752936082162796e+00
5.057644278095634327e-01,4.182500034486323903e-01,1.022023700390590761e+00
6.436203396312512037e-01,6.067090670548983544e-01,1.305525331409562728e+00
6.979227490523409738e-01,8.148519421448151556e-01,1.235469429545447140e+00
4.937021286018643540e-01,8.629793205271369949e-01,1.455355851778459275e+00
4.852421785307851065e-01,9.325691884759175210e-01,1.173591399147693615e+00
3.860316830317713777e-01,1.251353764873894825e-01,1.074555342737198993e+00
9.289396231207726062e-01,2.314938193499909147e-01,1.325805085788128723e+00
8.338541757779425190e-01,6.583758353711324229e-01,1.076286041853364184e+00
3.908475679576688400e-01,2.631316007749676666e-01,1.023919202732519684e+00
5.432915576066388308e-01,7.199013551117194876e-01,1.148687992160264182e+00
4.306763584048900473e-02,6.286620786808110317e-01,1.155810846756034849e+00
5.967408167794496787e-02,3.095111633034585141e-01,1.353810774628752878e+00
4.103430456008868576e-01,6.899409809456134024e-01,1.058049567604246510e+00
7.518156379469698170e-02,9.504295273401952571e-02,1.003852770031815611e+00
5.516983348939090703e-01,7.070283602172626747e-01,1.339855879415810858e+00
2.472725727564613063e-01,6.179704264600036634e-01,1.254296668514323310e+00
5.862030504822072219e-01,1.001597612270995752e-01,1.028374724161843501e+00
3.009628484686638350e-01,7.735056515469140859e-01,1.484995710649023248e+00
9.699744392804577897e-01,9.665024772648352913e-01,1.912821874064729588e+00
3.241209979751735748e-01,3.601351172498152842e-01,1.238995737037045242e+00
6.359587424027347557e-01,4.530537065447605150e-01,1.210257567472308615e+00
9.221227409371801631e-01,4.110262054971905998e-01,1.167708427122718939e+00
7.872441150297170287e-01,7.386629147890977354e-01,1.381583597900039040e+00
1.705290801217178576e-01,7.082732816853887226e-02,9.624684987539469105e-01
5.436408014882666562e-01,3.193820247596693696e-01,1.322134639483344198e+00
3.405285501419267336e-01,3.205519833241410321e-02,5.977672715245341273e-01
2.513411922246615582e-01,1.918258085906879851e-01,7.304233666128261415e-01
9.412969430665758530e-01,1.429645335011192619e-01,1.221062498562797582e+00
4.845091999964807883e-01,2.717978261223191749e-01,1.166718051645392551e+00
6.738617626016774054e-01,8.404904139040345612e-01,1.346589242090384442e+00
2.936317983312516366e-01,9.396755875032943850e-01,1.231252162814758577e+00
4.897223862254528326e-01,9.289615749557250668e-01,1.281284853083709541e+00
1.537005958578101517e-01,6.121354383819246348e-01,1.210370003263528726e+00
9.258474846356559151e-01,9.717122437697561788e-01,1.304695997989997691e+00
2.549423185164039207e-01,3.379798841281835831e-01,1.080537607930500910e+00
1.227335882438039816e-01,2.878988989988059410e-01,9.319144411611210987e-01
4.821742574203038423e-01,7.001725455385812147e-01,1.598318280974214911e+00
6.477359574029719624e-01,4.101471296277180434e-01,7.347128864346579302e-01
2.434059416956725341e-01,5.805346967770637079e-01,1.254630795460294657e+00
3.678125392900331025e-01,7.787846509068556689e-01,1.351404459045460582e+00
3.307944655997845373e-01,2.876456617002185467e-01,6.987774278606948553e-01
2.470808755012473545e-01,1.598149249831221086e-01,1.130367702150228970e+00
8.276173593963354058e-01,1.531295956025685578e-01,7.579848534951750816e-01
2.610568828540117403e-01,4.235035744892109433e-01,1.309118480274427565e+00
2.886903425210674001e-02,7.912071384439062216e-01,1.086337965526269045e+00
4.394081102794074045e-01,4.206926158573403018e-01,1.261906753904145306e+00
3.266344278079830188e-01,3.645563594575867983e-01,9.271838218205200599e-01
1.385991133472109782e-01,9.436253215467851341e-01,1.601969484480485706e+00
6.139821153863127545e-01,5.793670799387856674e-01,1.171301942119954642e+00
9.419281148583633634e-01,2.098594568142693184e-01,8.728060980067179342e-01
4.165783376415399530e-02,5.375773340496836639e-01,8.523539252876249916e-01
3.751587756085869030e-01,6.772346070337196267e-01,1.051475509724007606e+00
3.412211076902921247e-01,5.516388833775255351e-01,1.262687335241362341e+00
7.831212628718335900e-01,8.050920508465209124e-02,9.297405972415575537e-01
1.122514531793954440e-01,7.278082670783027064e-01,1.664661583888468410e+00
4.459392821760924663e-01,9.065957410876624989e-01,1.566283869743042789e+00
8.704019505302921234e-01,1.245513000495439560e-01,1.170578505311574036e+00
4.227375824215523492e-01,2.023407065804757599e-01,9.496124879773825134e-01
3.464750318495483095e-01,9.205304526024783440e-01,1.625604326964980029e+00
1.468960530165809297e-01,8.914090631164688361e-01,1.071526026243904361e+00
8.001612384041472126e-01,5.057669068526038370e-01,7.974096816856885983e-01
2.835832101217581336e-01,5.026211604583252779e-02,7.774797953261325389e-01
4.342410279770428927e-01,3.984883134295233997e-01,1.209747173234941187e+00
1.724622317244750569e-01,9.759966319579559402e-01,1.571649869666407406e+00
6.518668068752747624e-01,1.966084163715501321e-01,1.074239443312472453e+00
1.268660009433346669e-01,5.648919640689390453e-01,1.124171808351373203e+00
5.921275355242939797e-01,2.473706301196391122e-01,1.065229222930909936e+00
6.042856883876728258e-01,7.502938606954629996e-01,1.149366245908832740e+00
4.069067150109954012e-01,1.574417243205031847e-01,1.103937286993247113e+00
1.195388905394465517e-01,8.577369631036310116e-01,1.389439248725754750e+00
4.372715943790109749e-01,1.648851254887911955e-01,9.930792009408785370e-01
1.797195496364384359e-01,3.445711850430678291e-01,1.066585356149487573e+00
2.922506134903692931e-01,2.213849266090162082e-02,5.862468392410137286e-01
1.512388624382540181e-01,3.922152178524854760e-01,1.157672657303444153e+00
3.252350293065530140e-01,6.837541621386328261e-01,1.144784067330453459e+00
4.327885634170773876e-01,7.188833795421946116e-01,1.289371784461061043e+00
6.503133527434439287e-01,7.740478508229248211e-01,1.221531675985177756e+00
4.426909325618384461e-01,8.661089858194639390e-01,1.605496208213380793e+00
2.062002840202226128e-01,4.467134391341293087e-01,1.291014247519044922e+00
2.372004301287219397e-01,8.008943225728976101e-01,1.022763841912417870e+00
1.653941707074135792e-02,4.784367450503410613e-01,1.227165201599670796e+00
1.150619474622426308e-01,4.208966599007223364e-01,1.244984273868903202e+00
7.018254066815884373e-01,1.921749259632887785e-01,8.238419776157573926e-01
5.488088308939712556e-01,8.566957589530628248e-01,1.249534662453097411e+00
9.473783281796862576e-01,8.775092411424563199e-01,1.518734519593793575e+00
6.104269034064793154e-01,6.546611590972162276e-02,9.368530368481507997e-01
9.030458694759476712e-01,6.343441166985915869e-01,1.697388273535027192e+00
4.346330350344325133e-01,1.180763672171162293e-01,8.298527934495885106e-01
1.871251406418215080e-01,9.734893943622926482e-01,1.381001304876396052e+00
3.250202343740338229e-01,3.232120751164990757e-01,1.204865430973939722e+00
7.247106865988910407e-01,5.180496000275833790e-01,1.286180261986718643e+00
6.125090004683608758e-01,9.787390092368631889e-01,1.115981734372933465e+00
4.913956981340086294e-01,4.335150153705845666e-01,1.149704374898270265e+00
6.892809095511466255e-01,1.433474945157875435e-02,1.129982705414901423e+00
1.828949769935572789e-02,5.755625931335954792e-01,1.185863083158756215e+00
1.655503821408791376e-01,3.893155539280900301e-01,8.448709744457392201e-01
1.245735129589188306e-01,6.751607624930699991e-01,1.102124357778918595e+00
9.275329490017037992e-01,9.350427217624247556e-01,1.501282883565298265e+00
2.418781210009254279e-01,5.541316601975267986e-01,1.030898917971962980e+00
7.558607771221543814e-01,4.902388467962272012e-01,1.090597079988230522e+00
4.973526591409477282e-01,2.883385858207628827e-01,8.973683438713537797e-01
9.528941289675951776e-01,4.430303810516349472e-01,1.226829548851615881e+00
9.191631308525435307e-01,7.637115094991486774e-01,1.331185922199771943e+00
3.502271578946366537e-01,7.488859727940109234e-01,1.475140878761221686e+00
1.885550555721183796e-01,3.055423971488502310e-03,9.958215991942375167e-01
3.840338445187001515e-01,8.664720755548036557e-01,9.407742734121613548e-01
1.318212195784669305e-01,7.748146970043774395e-01,8.476212735184712743e-01
4.078254943390033915e-01,1.231695789834083010e-01,6.065714749497318481e-01
9.800280174813956746e-01,1.917020645428478831e-01,1.082189693232433303e+00
5.849192905766585904e-01,9.903610461725216307e-01,1.874376156072999677e+00
1.762928361142263034e-01,5.568513137924466783e-01,1.083486867806152665e+00
8.334801467294483679e-01,7.658151120962166658e-01,1.538122016451168861e+00
9.913101013796539185e-01,9.943769195917887549e-01,1.552537441959413567e+00
4.827471224997703647e-01,9.134838214043033977e-01,1.370143915690420267e+00
6.387038672256274419e-01,7.864511216318809117e-01,1.402612735537625666e+00
3.864322674028983773e-01,5.329868964074946369e-01,1.443455826201567760e+00
5.062478125422272823e-01,1.212693138570825058e-01,9.519906083554590115e-01
2.407870065678489047e-01,4.076257980708003492e-01,7.359702313825589037e-01
3.480177840107719911e-01,6.343393134120861587e-01,1.109493143311410357e+00
2.501634014300567754e-01,5.712924010363378269e-01,1.020332776085059789e+00
9.951449493435853277e-01,4.547572277957385722e-01,1.023546937629725040e+00
5.528208462922012956e-02,7.168189245814055033e-01,1.160382390026200916e+00
2.472658064824180268e-01,9.740890563449259298e-01,1.226898751919808905e+00
2.157876402501202051e-02,2.165579233611102383e-01,7.962080113834324457e-01
2.456541150440997301e-01,8.043904286657510561e-01,1.314473981619367793e+00
3.059743921257566113e-01,4.923778193876496845e-01,8.007151446262934513e-01
7.556959754508042471e-01,2.635065665164675330e-01,1.007013982964194199e+00
3.345525022780717617e-01,2.075925763377850508e-02,7.746375039726223211e-01
8.479323483355050151e-02,8.121195262729656861e-01,8.831451534369600953e-01
6.717650154410277352e-01,9.863103422715805424e-01,1.075740340623354996e+00
3.706507903367479706e-01,8.417384650690975523e-01,1.271635144035482945e+00
6.408426791579194814e-01,6.407419959905711337e-01,1.601044425542075711e+00
2.848886345609741300e-01,1.296044047651252473e-01,6.845363742888261882e-01
9.220656606236029562e-01,8.224057036458057857e-01,1.515875637181321789e+00
4.570819977640134812e-01,7.778049324508983231e-01,1.469041974428852759e+00
2.774543306691705791e-01,9.196355359566465992e-01,1.480913463718956047e+00
2.076190871029852669e-01,1.452813780207959926e-01,8.423826258418765089e-01
5.566381958342090375e-01,5.352565053236364445e-01,1.272440669183778184e+00
1.533099317532959915e-01,4.251316427234311801e-01,1.161453061945698861e+00
4.973846500837697526e-01,5.502193090728665359e-01,9.327584156526094183e-01
1.909874726241905796e-01,3.114726010270477685e-01,1.065450129211011010e+00
9.972247057999565900e-01,9.667071980070766068e-01,1.147055239147667827e+00
1.037324646381631021e-01,1.967838947623160584e-01,9.214921298909292124e-01
1.362760853666267202e-02,1.306916411925701516e-01,1.015704326049216233e+00
7.420404574458464575e-01,6.825008361905663401e-01,1.025759627674655228e+00
8.701922217655581049e-01,3.119400470685841364e-01,9.509339544702647418e-01
8.382336026292005471e-01,4.457833315656342110e-01,1.205274373225464712e+00
3.764308956308697329e-01,2.342457956560033416e-01,5.381166179735950017e-01
5.483896363708983257e-01,4.137649157440399517e-01,1.021299196919783325e+00
1.369087667285793231e-01,9.359936985185823843e-02,8.493272459004844732e-01
4.571501675433985445e-01,8.091403045990319676e-02,7.173863350156360896e-01
6.178729281046112520e-01,6.079109574659007365e-01,1.288860364785962886e+00
3.930255518451908348e-01,2.736129080497663457e-01,1.165386223226328566e+00
9.890876539946145130e-01,6.991534278610364028e-01,1.429541439484692367e+00
5.845296581353531806e-01,7.242441009504320126e-01,1.345408496056183179e+00
4.195043611206950018e-01,7.703498962002212069e-01,1.276811633060208839e+00
5.192176426256661648e-01,5.095029308629576148e-01,1.321279631611758099e+00
4.039280035469705599e-01,6.910744854333866760e-01,9.178208908741016803e-01
2.765981318581661741e-01,4.175487672433304542e-01,1.239511186362399764e+00
9.743965232222331352e-01,8.607121642705299891e-01,1.419998688872277759e+00
9.636358396144509841e-01,6.694271589831384262e-01,1.169970472774576109e+00
5.888133999687661380e-01,6.631824058187972826e-01,1.033139739288068126e+00
8.182236844822008415e-01,6.458108330794571916e-01,1.614215253467930600e+00
2.436473939891493634e-01,2.258882834059735556e-01,1.020063513652004872e+00
6.056981038387060368e-01,7.918343438264827672e-01,1.309134229279083073e+00
6.234020607999856134e-01,9.734768754646213607e-01,1.605850967145862063e+00
5.481986051754315081e-01,2.786128525748411411e-01,1.169455329100164365e+00
1.245222931504781361e-01,3.594749458064295800e-01,1.177842467768778878e+00
6.135177926350233735e-01,2.137740165835303463e-01,1.010198417980023411e+00
2.208551808915498738e-01,8.468516346792598348e-02,1.233525444687536332e+00
7.758121535437609850e-01,3.505963053763523352e-01,1.183144596030076157e+00
2.455362103195100065e-01,3.253476798364166589e-01,8.960120680293770512e-01
7.785049389089120364e-01,8.955881561788160417e-01,1.173368126999050798e+00
9.926795884529193703e-02,1.237988151782684065e-01,1.025800067167417229e+00
1.104669332068248799e-01,4.848464133263030718e-02,9.568557719019870067e-01
6.421953253454528721e-01,9.445652561019934890e-01,1.376911155229103567e+00
9.766996692071350239e-01,6.720142380294658047e-01,1.275001996044767827e+00
6.498989624156927825e-01,6.252252615427271731e-01,8.573861464889649397e-01
8.786770895231398315e-01,1.175459160059335595e-01,1.125945821754763099e+00
2.048321659826330965e-01,1.006443962836490735e-01,1.319584956038162726e+00
4.553769154947223674e-01,3.052053258973574934e-02,7.887735243598403834e-01
6.908218258073978157e-01,4.846339975299501779e-01,8.966929262862679550e-01
7.343384125488009451e-01,2.277118957129250498e-01,1.139111484333111379e+00
1.731040765627178679e-02,3.298434515821684343e-01,1.024055566546757889e+00
4.181216909295828454e-01,8.002766628327526721e-01,1.199881213020872250e+00
3.226963359740115944e-01,1.374339793379949493e-01,1.209926738415238123e+00
3.561226007818183437e-01,8.738169099500692205e-02,7.542433837232269678e-01
4.518247227792571152e-02,7.649550126967038510e-01,1.731711621404802059e+00
3.340285002836336226e-01,8.439559201425694823e-02,8.843529905006621838e-01
2.262847822749788351e-01,1.026819461350810814e-01,1.288245631985126760e+00
2.395240505005004072e-01,7.545794115129601520e-01,1.113026511295772902e+00
9.529461583450249407e-01,2.792066484638922041e-02,8.295578285537753560e-01
